batch;code;tbl_speed_mean;tbl_speed_change;tbl_speed_0_duration;total_waste;startup_waste;weekend;fom_mean;fom_change;SREL_startup_mean;SREL_production_mean;SREL_production_max;main_CompForce mean;main_CompForce_sd;main_CompForce_median;pre_CompForce_mean;tbl_fill_mean;tbl_fill_sd;cyl_height_mean;stiffness_mean;stiffness_max;stiffness_min;ejection_mean;ejection_max;ejection_min;Startup_tbl_fill_maxDifference;Startup_main_CompForce_mean;Startup_tbl_fill_mean;Drug release average (%);Drug release min (%);Residual solvent;Total impurities;Impurity O;Impurity L
1;25;99.86465621;5.416666667;149.5833333;2125.416667;5085;no;49.96144578;12;4.392;3.559875776;7.1;4.255403727;0.058473468;4.3;0.1;5.332248447;0.095937572;2.099465839;91.01614907;103;67;223.3192547;248;196;0.38;4.5875;5.466666667;93.83;86;0.06;0.33;0.05;0.16
2;25;99.93634204;2.5;128.3333333;887.5;2115;no;49.96204033;5;9.258333333;3.494945848;8.8;4.251022864;0.056787817;4.2;0.099277978;5.299530686;0.099699047;2.105270758;88.22382671;103;77;215.9638989;252;194;0.18;4.390909091;5.315454545;99.67;92;0.04;0.34;0.06;0.16
3;25;99.98598351;2.5;83.33333333;796.25;1895;no;49.96117647;6;7.2;3.392133492;8.7;4.261263409;0.054521796;4.3;0.00476758;5.311096544;0.107813987;2.113003576;88.96781883;111;72;212.5303933;248;184;0.12;4.43;5.242;97.33;92;0.03;0.28;0.05;0.16
4;25;99.97686833;2.916666667;76.25;695.8333333;1645;no;49.96090047;9;7.122222222;3.416047904;9;4.35760479;0.062704912;4.4;0;5.309988024;0.115553614;2.104526946;101.4311377;121;83;225.9389222;262;197;0.24;4.5;5.22125;94.5;89;0.03;0.3;0.05;0.18
5;25;99.96828402;2.5;121.25;829.1666667;1971;no;50;5;14.45;3.460359281;9.8;4.249461078;0.056974662;4.2;0;5.319628743;0.103193521;2.126347305;108.9784431;132;91;237.3053892;264;205;0.19;3.96;5.233;92;88;0.04;0.31;0.05;0.18
6;25;99.97676647;2.5;97.91666667;780.8333333;1853;no;49.9223417;7;8.458333333;3.405454545;9.2;4.456;0.061264982;4.5;0;5.358581818;0.107666335;2.12;108.4739394;130;87;235.270303;264;206;0.23;4.53;5.3;97.67;94;0.07;0.33;0.05;0.2
7;25;99.94490521;3.333333333;105;403.3333333;947;no;49.96094675;6;11.7125;3.360692951;8.6;4.254719235;0.057602198;4.3;0;5.344014337;0.10639207;2.14;104.4492234;126;84;221.5567503;249;186;0.3;4.4;5.304285714;95.17;88;0.07;0.32;0.05;0.19
8;25;100;2.916666667;120.8333333;405.4166667;928;no;49.96226415;6;2.9;3.330595238;9.4;4.251785714;0.059169072;4.3;0;5.331321429;0.105822356;2.14;101.1511905;121;85;219.4904762;244;187;0.24;4.214285714;5.321428571;96.5;90;0.07;0.32;0.05;0.19
9;25;99.90986763;3.333333333;122.5;777.5;1832;no;49.96153846;8;7.73;3.428467153;9.5;4.360705596;0.057142585;4.4;0;5.336970803;0.070328595;2.12406326;100.3272506;120;80;219.7749392;246;192;0.21;4.322222222;5.264444444;95;91;0.04;0.36;0.05;0.18
10;25;99.82497096;5.416666667;122.0833333;962.5;2245;no;49.96287703;7;14.92142857;3.389504717;10.1;4.152948113;0.059440819;4.2;0;5.303408019;0.12017525;2.137441038;104.5448113;134;86;216.0247642;252;189;0.18;3.792307692;5.209230769;92.17;89;0.08;0.32;0.05;0.19
11;25;100;2.916666667;109.1666667;1490;3545;no;49.9623086;7;6.052941176;3.449759615;9.1;3.759375;0.053142804;3.8;0;5.28421875;0.122344192;2.187223558;103.8870192;131;81;209.0793269;235;180;0.19;4.0125;5.228125;95;91;0.05;0.36;0.05;0.18
12;25;100;2.083333333;106.25;985;2356;no;49.96139928;5;7.792307692;3.329656863;6.2;3.766911765;0.052033704;3.8;0;5.253933824;0.041651084;2.189656863;99.22426471;121;82;200.5968137;226;174;0.15;3.866666667;5.210833333;100.33;98;0.06;0.31;0.05;0.19
13;25;100.0138012;2.916666667;141.25;873.75;2063;no;49.96261682;6;3.246153846;3.309964413;9.6;3.66737841;0.050093811;3.7;0;5.215088968;0.060750144;2.18;97.97271649;126;76;191.1221827;235;163;0.12;3.675;5.195;94.5;92;0.06;0.37;0.05;0.19
14;25;99.99017544;2.916666667;110.4166667;559.5833333;1327;no;49.9614486;8;11.6625;3.316037736;10.3;4.054363208;0.054370457;4.1;0;5.28625;0.097021006;2.151084906;109.0400943;134;81;214.7087264;240;187;0.33;4.042857143;5.281428571;100;97;0.03;0.31;0.05;0.19
15;25;100;2.083333333;122.5;891.25;2105;no;49.96071429;7;6.636363636;3.351025332;10;3.665138721;0.051809166;3.7;0;5.248685163;0.081724076;2.186055489;109.3160434;138;84;210.4885404;247;176;0.16;3.52;5.226;93.67;90;0.04;0.3;0.05;0.18
16;2;119.9244988;3.125;53.07291667;622.1875;5218;no;20.0462766;20;17.82380952;5.26422851;8.2;4.026699893;0.343326991;3.8;0.000373799;6.165900676;0.093949115;1.730679957;111.1457814;214;46;190.012104;373;122;2.32;5.436842105;5.837894737;94.83;92;0.05;0.05;0.05;0.05
17;2;119.9568025;3.645833333;50.36458333;566.0416667;4008;no;19.99964714;9;4.978571429;5.794021931;8.9;3.380650867;0.299667604;3.2;0;6.198967103;0.082325745;1.822232048;101.1114255;200;39;171.0178635;272;106;0.46;4.292307692;5.984615385;90;86;0.05;0.05;0.05;0.05
18;2;119.9972012;0.520833333;22.29166667;422.03125;5480;no;19.99964801;10;5.831578947;5.834681264;9.3;3.154070281;0.061080117;3.2;0;6.130109483;0.080754492;1.85;99.1130143;167;73;162.9226558;182;143;0.4;3.4;6.167777778;91.83;89;0.05;0.05;0.05;0.05
19;3;119.889147;2.8125;38.54166667;466.1458333;4257;no;6.538153042;9;4.456967213;4.035581395;7.6;6.256605089;0.118726585;6.3;0.041094458;6.566012548;0.04148475;2.054959916;0.244336006;13;0;229.1066574;294;96;1.77;8.346666667;6.173333333;89.67;84;0.05;0.05;0.05;0.05
20;3;119.9372359;2.5;48.85416667;309.375;2796;no;6.580321812;5;2.747115385;4.174737188;7;5.459422809;0.116789877;5.5;0;6.583734353;0.055853514;2.166397775;0.145688456;14;0;157.9148122;212;67;0.06;5.763636364;6.479090909;87.5;84;0.05;0.05;0.05;0.05
21;3;119.9590266;1.875;48.02083333;351.3541667;3227;no;6.557254318;8;3.802604167;4.064939987;7.1;5.76074896;0.110019678;5.8;0;6.536067961;0.059917884;2.129199029;0;0;0;143.7708044;196;70;0.42;6.169230769;6.342307692;91;84;0.05;0.05;0.05;0.05
22;4;99.93129771;6.174957118;82.67581475;1555.231561;8220;no;29.98808389;26;10.04857143;4.243383422;6.2;9.052641784;0.275708331;9.1;0.281240911;8.847382453;0.069038938;2.51223461;59.21473582;66;26;301.6912264;400;170;1.93;10.93030303;8.234848485;86.5;84;0.16;0.08;0.05;0.08
23;4;99.96390081;6.003430532;65.00857633;1655.231561;8624;no;29.98284898;16;5.541176471;4.391912833;7;9.130474806;0.291778718;9.1;0.242102713;8.846351744;0.11477692;2.526424419;49.86143411;65;22;311.4098837;406;187;0.45;9.672727273;8.580606061;84.67;81;0.19;0.08;0.05;0.08
24;4;99.96740881;4.631217839;34.99142367;629.1595197;2811;no;30;12;6.653333333;4.214217557;6.6;9.458206107;0.164540084;9.5;0.204437023;8.794274809;0.081782346;2.482953244;42.03959924;66;33;315.4537214;384;249;0.35;9.42;8.474666667;89.67;88;0.2;0.08;0.05;0.08
25;4;99.98637016;4.802744425;111.6638079;1516.295026;8004;no;29.98614429;23;6.237142857;4.589941691;7.2;10.26054422;0.166983286;10.3;0.299951409;9.044975705;0.116911413;2.398658892;44.82215743;61;29;348.6399417;424;202;0.72;9.127272727;8.669393939;89.67;84;0.2;0.07;0.05;0.07
38;14;99.99656545;9.375;241.875;2085;3410;no;89.99120722;14;6.193333333;3.456918594;14.7;6.950014868;0.131428884;7;3.82068986;3.499195956;0.0295845;0.956448409;55.69747249;60;36;127.9113292;149;63;0.24;4.507142857;3.654285714;91.67;88;0.02;0.12;0.05;0.05
39;15;99.85645039;17.63636364;146.1818182;2686.272727;21235;no;45.07166288;32;10.9804878;5.836640041;7.8;9.350592784;0.219832975;9.4;3.580695876;8.899471649;0.1131977;2.492858247;61.52164948;66;0;261.7940722;419;0;0.81;9.686419753;8.462716049;83.5;81;0.11;0.07;0.05;0.05
26;1;99.71492178;10;169.5833333;2808.333333;6574;no;49.3457383;17;18.45862069;3.640671642;5.5;4.949253731;0.053629793;4.9;0.002860697;5.410746269;0.076402228;1.8;4.240049751;9;2;175.2151741;199;135;1.49;5.603703704;4.975555556;97.33;93;0.1;0.09;0.05;0.09
27;1;99.91943128;4.166666667;87.08333333;1602.5;3638;no;49.96213018;7;5.288235294;3.724637681;5.3;5.45821256;0.062728707;5.5;0;5.363864734;0.055589975;1.72;4.361111111;11;3;179.9939614;198;167;0.25;5.10625;5.269375;94.33;88;0.09;0.09;0.05;0.09
28;1;99.98158205;3.333333333;115.4166667;1072.083333;2401;no;50;4;5.845454545;3.918660287;5.7;5.056220096;0.066003588;5.1;0;5.354605263;0.047406634;1.782691388;4.630382775;12;3;165.7631579;182;68;0.14;5.218181818;5.321818182;93.83;91;0.09;0.07;0.05;0.07
29;1;100;2.916666667;114.5833333;705;1536;no;49.96313364;5;6.41;3.778205128;6;4.952037253;0.058176794;5;0.025261932;5.365948778;0.073091106;1.78;4.410942957;10;3;160.8020955;174;86;0.1;5.044444444;5.338888889;95.33;92;0.1;0.07;0.05;0.07
30;1;99.9853972;5.833333333;153.75;1282.083333;2861;no;50;6;6.021428571;3.956057007;5.9;4.354394299;0.058200738;4.4;0;5.325938242;0.032943377;1.857339667;4.668646081;12;4;144.1876485;163;130;0.13;4.914285714;5.292857143;96.5;91;0.1;0.09;0.05;0.09
31;1;99.92990544;3.333333333;71.66666667;1112.916667;2485;no;49.9622196;7;6.316666667;3.791137725;5.8;4.660598802;0.058495328;4.7;0;5.376550898;0.083908327;1.814826347;4.511377246;11;3;149.1245509;164;139;0.08;4.881818182;5.322727273;94.67;88;0.11;0.07;0.05;0.07
32;1;99.9806489;5.833333333;147.0833333;866.6666667;1820;no;49.96180556;9;4.790909091;3.984173505;5.8;4.354161782;0.059514129;4.4;0;5.374970692;0.065308264;1.865240328;4.773739742;11;3;138.014068;179;124;0.05;4.31;5.3;96.17;90;0.1;0.09;0.05;0.09
33;1;100;3.75;230;1262.916667;2809;no;49.92426036;11;6.146666667;3.70373494;5;4.859277108;0.05406923;4.9;0.174698795;5.353060241;0.035592978;1.76860241;4.330120482;10;4;165.4325301;183;151;0.08;4.653846154;5.322307692;92.33;86;0.07;0.06;0.05;0.06
34;1;99.95343602;2.5;62.08333333;884.1666667;1904;no;50;4;7.581818182;3.843697479;5.7;4.658943577;0.05940278;4.7;0;5.328067227;0.034126959;1.798595438;4.566626651;10;4;155.457383;169;143;0.18;4.672727273;5.260909091;94.17;85;0.06;0.07;0.05;0.07
35;1;99.92209166;2.5;80.83333333;747.5;1558;no;50;4;6.188888889;3.804631829;5.9;4.758788599;0.056450334;4.8;0;5.343574822;0.035255814;1.79;4.56888361;11;4;153.8574822;170;142;0.1;4.777777778;5.34;94.83;90;0.07;0.06;0.05;0.06
36;1;99.89871194;3.333333333;67.08333333;847.9166667;1785;no;50;6;11;3.946144721;5.4;5.053262159;0.065192289;5.1;0;5.429561091;0.035028621;1.79;4.733096085;12;4;154.6975089;168;144;0.46;5.190909091;5.280909091;96.17;92;0.07;0.07;0.05;0.07
37;1;99.96977568;3.75;71.66666667;1557.083333;3267;no;50;6;5.9;4.000481348;5.6;4.759085439;0.060608411;4.8;0;5.35833935;0.039862842;1.80290012;4.683513839;11;4;148.6004813;165;138;0.58;4.95625;5.150625;97.67;95;0.08;0.07;0.05;0.07
40;1;99.85955189;3.75;73.75;1045.833333;2095;no;50;6;10.43333333;4.092464115;6;4.656818182;0.060843732;4.7;0;5.476782297;0.072497321;1.833038278;4.623205742;11;4;142.8875598;163;129;0.38;4.808333333;5.186666667;96.33;93;0.08;0.08;0.05;0.08
41;1;99.96509988;4.166666667;104.1666667;2260;4760;no;75.11384977;11;5.166666667;4.213598075;5.6;4.454632972;0.06801544;4.5;0;5.387424789;0.053091068;1.850180505;5.010830325;13;3;135.5872443;160;104;0.36;4.51;5.2765;93.5;86;0.07;0.08;0.05;0.08
42;1;99.94666667;6.666666667;177.0833333;3345.833333;7306;no;79.92889908;9;4.06;4.059263658;5.7;5.953800475;0.099061221;6;0;5.402909739;0.068015623;1.7;4.952494062;11;3;165.6555819;225;82;0.15;5.396428571;5.32;98.33;92;0.16;0.11;0.05;0.11
43;1;99.91627635;3.75;120;2591.25;5858;no;79.92631579;7;6.653846154;4.045476478;5.3;5.152231604;0.077618318;5.2;0;5.405657419;0.078196509;1.783655006;4.810615199;11;3;154.7092883;171;139;0.15;5.368;5.2992;94;89;0.17;0.09;0.05;0.09
44;1;99.92298578;3.333333333;86.66666667;744.5833333;1262;no;80;6;7.6125;4.102990431;5.5;5.149282297;0.085678478;5.1;0;5.457416268;0.07845071;1.805514354;4.973684211;11;3;148.3038278;168;135;0.26;5.175;5.2825;92.83;89;0.21;0.09;0.05;0.09
45;1;99.84911661;6.25;141.6666667;1235;2622;no;80;10;4.715384615;4.163516746;5.7;4.953229665;0.075035161;5;0;5.423444976;0.074779344;1.817320574;4.816985646;10;3;143.3528708;160;130;0.18;5.076923077;5.343076923;94;90;0.14;0.09;0.05;0.09
46;1;100;2.083333333;140;959.5833333;1865;no;80;4;4.62;4.222884386;5.6;5.05601907;0.080475197;5.1;0;5.383921335;0.065300835;1.791179976;4.836710369;11;3;144.2884386;168;130;0.44;5.08;5.246;96.17;93;0.18;0.1;0.05;0.1
47;1;99.99267139;2.916666667;71.25;990.4166667;1750;no;80;6;4.766666667;4.187096774;5.8;5.256272401;0.077332702;5.3;0;5.401792115;0.070520212;1.78692951;4.878136201;11;3;146.5615293;165;132;0.44;5.166666667;5.242222222;96;86;0.16;0.08;0.05;0.08
48;1;99.94361079;5;117.0833333;1872.5;3557;no;80;6;9.523529412;4.178229665;5.5;4.859449761;0.069172585;4.9;0;5.366901914;0.093997554;1.822009569;4.860047847;11;3;139.2093301;160;73;0.1;4.776470588;5.241764706;95;91;0.17;0.11;0.05;0.11
49;1;99.92603062;5;195.4166667;1230.416667;2466;no;79.92588235;8;6.1;4.294026284;6;5.055555556;0.068534442;5.1;0;5.374958184;0.075924317;1.801266428;4.621266428;11;3;141.5328554;157;98;0.12;4.941666667;5.314166667;91.83;85;0.21;0.1;0.05;0.05
50;1;99.95840188;4.583333333;98.75;780.8333333;1439;no;79.92723005;5;10.72;4.306413302;5.9;5.053206651;0.071806501;5.1;0;5.363444181;0.071759042;1.801437055;4.732779097;12;3;142.3562945;158;72;0.06;4.833333333;5.356666667;90;84;0.24;0.1;0.05;0.1
51;1;99.9890973;3.75;105;843.3333333;1569;no;80;6;5.9;4.234282325;5.8;5.156820878;0.06600475;5.2;0;5.34915777;0.07852184;1.793036773;4.551601423;10;3;144.7212337;165;133;0.26;5.35;5.222;91.67;89;0.24;0.1;0.05;0.1
52;1;99.93106332;3.333333333;91.25;752.5;1390;no;80;4;7.233333333;4.23852657;6;5.152536232;0.063974318;5.2;0;5.356352657;0.06217914;1.8;4.427536232;9;3;144.9178744;162;132;0.23;5.022222222;5.317777778;90.5;87;0.18;0.09;0.05;0.09
53;1;99.95381008;4.166666667;110.8333333;791.25;1442;no;80;6;4.5;4.246445498;5.8;5.152014218;0.060705381;5.2;0;5.337322275;0.075041691;1.789668246;4.555687204;11;3;143.5983412;160;76;0.16;5.266666667;5.258888889;92.83;89;0.21;0.1;0.05;0.1
54;1;100;2.916666667;100.8333333;890.8333333;1876;no;80;4;8.5;4.202517986;6;4.956354916;0.057887158;5;0;5.282014388;0.074703221;1.8;4.315347722;10;3;137.7973621;153;126;0.34;4.822222222;5.186666667;92.5;86;0.18;0.11;0.05;0.11
55;1;99.92517986;4.166666667;182.9166667;1258.75;1710;no;50;4;9.377777778;4.449575758;5.6;4.857090909;0.060749947;4.9;0;5.382472727;0.033293262;1.817369697;4.63030303;10;3;138.1878788;155;90;0.35;4.855555556;5.228888889;96;90;0.23;0.1;0.05;0.1
56;1;99.98554642;2.5;91.25;1441.25;2822;no;69.77464789;7;10.45;4.142601432;5.5;4.861455847;0.065446028;4.9;0;5.273818616;0.035847487;1.8;4.508353222;9;3;136.0656325;156;124;0.12;4.853846154;5.266153846;95.83;92;0.16;0.1;0.05;0.1
57;2;119.9837417;2.239583333;22.44791667;1226.458333;14041;no;19.99877537;19;12.88222222;5.996473285;8.5;4.050978663;0.093954911;4.1;0.018497619;5.65977958;0.059372712;1.506058896;63.35478752;158;2;19.68559337;26;14;1.77;5.451162791;4.992093023;89.5;85;0.05;0.05;0.05;0.05
58;2;119.8847225;4.583333333;43.22916667;1387.135417;9705;no;28.67419635;9;8.265625;5.718486808;8.5;3.755293088;0.082961656;3.8;0.00015748;5.556052493;0.196043622;1.546265967;65.06246719;140;1;19.01294838;25;11;1.23;3.74375;5.3821875;90.5;86;0.05;0.05;0.05;0.05
59;2;119.9735106;1.354166667;23.02083333;542.6041667;6302;no;40;14;4.154545455;4.732795979;8.3;4.352834113;0.055856964;4.4;0.051308719;5.299812793;0.0335591;1.447958052;55.22690241;110;5;20.61778471;27;17;0.53;3.845454545;5.347272727;90.83;87;0.05;0.05;0.05;0.05
60;3;119.6522246;12.08333333;96.35416667;1906.041667;12420;no;7.346952356;19;6.121674877;6.486809907;9;5.965186246;0.382038557;5.9;0.07213467;7.404401862;0.134343956;2.24620702;38.3993553;55;7;200.0469198;293;87;2.71;8.7325;6.3225;86.33;83;0.07;0.05;0.07;0.05
61;24;99.91775984;4.818181818;56.18181818;2005.909091;17215;no;49.99420071;32;11.43880597;5.642805848;8.1;9.465469472;0.129637174;9.5;4.159286814;8.076611083;0.061995166;2.263991791;16.21139046;19;2;51.60646485;60;48;0.9;9.378787879;8.016060606;90.33;84;0.05;0.28;0.06;0.09
73;23;119.9465578;1.666666667;32.8125;1930.520833;17677;no;49.84509039;13;9.063157895;6.039544139;10.6;5.560753077;0.113815067;5.6;0;6.979811731;0.060629626;2.317074584;50.42577842;59;31;211.7929037;238;183;1.26;5.592857143;6.591964286;91.5;83;0.02;0.32;0.07;0.12
74;23;119.9741015;1.770833333;30.9375;555.5208333;5050;no;69.97181113;10;7.933333333;4.625;8.7;5.25712766;0.112292904;5.3;0;6.49043617;0.073176456;2.334400709;56.47304965;64;52;202.9847518;226;178;0.64;5.583333333;6.562777778;91.5;83;0.02;0.32;0.07;0.12
75;23;119.9343416;1.354166667;38.54166667;670.5208333;6402;no;69.98150125;12;4.491304348;4.48579627;11;5.461370158;0.105312026;5.5;0;6.470064562;0.049337878;2.309835007;57.42431851;62;52;208.678264;254;184;0.29;5.168181818;6.321818182;90.83;88;0;0.23;0.05;0.1
76;23;119.995646;1.145833333;28.95833333;356.3541667;3383;no;69.98124558;9;5.614285714;4.893634424;10.6;5.460561878;0.10728749;5.5;0;6.531813656;0.054981483;2.325533428;59.8844239;65;49;211.0192034;245;189;0.48;6.723076923;6.299230769;92.17;89;0;0.21;0.05;0.09
62;12;119.9051233;3.645833333;77.91666667;634.5833333;11853;no;29.99475616;38;7.535;2.993786305;4.7;8.158802817;0.099885354;8.2;0.009066901;4.011235915;0.05899362;0.803589789;57.80123239;73;47;152.6367958;219;101;1.5;6.551282051;3.970512821;98.33;95;0;0.24;0.05;0.11
63;12;119.9196347;7.760416667;111.875;1300.625;6663;yes;29.96445456;13;3.869565217;2.942791842;10.6;7.456021866;0.548689613;7.5;0.016434491;4.018203139;0.060835149;0.834556516;55.73796509;72;50;140.2937753;196;72;0.36;8.565217391;3.873478261;97.33;93;0;0.24;0.05;0.11
64;10;119.9101683;3.333333333;60.625;735.8333333;6721;no;49.98878374;20;5.5375;4.444538706;6.3;10.36320255;0.133576873;10.4;0.117426653;4.755365854;0.032679416;0.964878049;3.940261577;10;3;127.7546836;209;0;0.13;9.586956522;4.715652174;92.17;88;0;0.29;0.05;0.11
65;10;119.9929775;1.25;36.5625;398.2291667;3685;no;50;6;7.6;3.963844797;6;10.35982363;0.118407916;10.4;0;4.807795414;0.031623454;0.977971781;3.68712522;12;2;66.65961199;186;0;0.5;11.28461538;4.602307692;92.33;91;0;0.21;0.05;0.09
66;10;119.9499825;2.5;46.5625;1072.395833;9769;no;49.98846154;11;6.951515152;4.369189954;6.7;9.36370711;0.186710214;9.4;0;4.899402193;0.038772248;1.079281924;3.971347718;11;2;61.96356562;182;0;0.34;9.334375;4.750625;92.83;89;0;0.26;0.05;0.09
67;10;119.9721831;1.25;33.4375;245.9375;2148;no;49.97712878;6;10.575;4.229363958;6.9;9.463886926;0.17257049;9.5;0;4.929699647;0.036203954;1.070038869;3.692226148;12;2;37.48515901;171;0;0.08;9.26;4.842;88.67;85;0;0.21;0.05;0.09
68;10;119.9787197;1.145833333;46.45833333;376.7708333;3534;no;50;6;7.526666667;4.268811881;7;9.761138614;0.1590998;9.8;0;4.960632956;0.035153748;1.051011315;3.53960396;10;2;5.937411598;171;0;0.97;8.846666667;4.622666667;88.83;85;0;0.2;0.05;0.08
69;10;119.9679272;1.770833333;33.85416667;787.8125;7325;no;49.98879944;9;5.996;4.558474576;6.8;9.657521186;0.151758559;9.7;0;4.964915254;0.029992226;1.05;3.860875706;11;2;52.65218927;171;0;0.32;10.05833333;4.828333333;91.17;89;0;0.26;0.06;0.08
70;22;119.9517969;3.125;37.34375;440.3645833;4934;no;79.95885635;18;13.8375;3.745856643;8.1;4.959436768;0.46186318;4.7;0;5.545548365;0.098293705;1.598184362;86.11299633;156;65;186.9623929;251;123;1.28;5.14;5.221333333;94.5;92;0;0.26;0.05;0.13
71;22;119.9833478;2.8125;35.67708333;627.6041667;7691;no;79.97153766;10;7.888888889;4.443870968;6;4.858929194;0.060288604;4.9;0;5.535762121;0.063236202;1.616721311;83.76403907;113;63;181.5326125;229;110;0.2;4.856;5.494;92.67;87;0;0.29;0.06;0.1
72;22;119.9505024;5.520833333;51.25;556.6666667;6627;no;79.97835123;13;6.764;4.74073752;6.5;5.352496086;0.119422673;5.4;0;5.506898591;0.067153583;1.563104888;84.41485476;104;0;188.0057401;270;0;0.7;5.786956522;5.710869565;90.67;86;0;0.28;0.05;0.11
81;16;99.9880443;8.958333333;249.7916667;6456.458333;3743;no;89.99576763;12;15.88333333;5.233476494;7.2;5.121752757;0.225336254;5.2;2.124817179;3.562629716;0.020390505;0.653305281;407.7630296;499;70;101.562101;121;73;0.13;2.576470588;3.77;98.67;97;0.02;0.05;0.05;0.05
77;20;99.9515746;2.636363636;67.36363636;1085.090909;4855;no;44.98581011;13;28.23043478;4.671866078;14.5;9.469089022;0.162732781;9.5;0.241240592;8.472821178;0.092649691;2.606856995;25.1603945;80;18;276.9057877;508;178;0.43;8.985714286;8.298095238;90.67;87;0.08;0.05;0.05;0.05
78;20;99.93690293;3.727272727;58.09090909;741.9090909;7927;no;69.9029525;14;4.987096774;3.495600414;5.1;8.858788506;0.102302759;8.9;0.504996117;8.193290189;0.08107876;2.65;43.99559928;52;23;251.021227;302;159;0.55;9.751612903;8.289354839;83.83;81;0.08;0.05;0.05;0.05
79;20;100;1.363636364;31.36363636;745.5454545;8158;no;69.98663926;12;4.26969697;3.746125939;5.5;9.058367876;0.110758086;9.1;0.602202073;8.242396373;0.091286809;2.629160622;40.06968912;54;17;255.638601;537;139;1.31;9.1375;8.0475;89.17;84;0.07;0.08;0.05;0.08
80;9;99.82351544;5.416666667;96.25;1159.166667;2766;no;19.99644128;10;11.55333333;5.098309179;6.4;5.354589372;0.051018175;5.4;0.1;4.087898551;0.038994984;0.938997585;250.5519324;390;206;85.4263285;100;75;0.21;7.607142857;3.933571429;92.83;91;0.03;0.23;0.05;0.1
82;7;119.875299;2.333333333;109.3333333;907.5;8197;no;19.99833194;19;7.224137931;3.193245516;9.2;8.786988222;0.758931162;8.3;0.081155356;5.183791363;0.026383411;1.045740325;2.586371284;22;0;195.67106;241;107;0.52;7.644827586;4.975862069;89.33;87;0.04;0.09;0.05;0.09
83;11;99.99116959;3.958333333;76.04166667;1079.791667;4910;no;30.02162478;9;9.065217391;6.178732227;9.7;2.958590047;0.049511211;3;0;3.775924171;0.033463906;0.937742891;439.653436;494;389;82.25651659;95;77;0.2;3.140909091;3.729545455;95.33;92;0.05;0.25;0.05;0.11
84;11;99.96899942;4.791666667;60.83333333;701.6666667;2791;no;30;7;8.978571429;6.229620991;10.7;2.459358601;0.049249291;2.5;0;3.746361516;0.039593146;0.997131195;448.2437318;474;105;78.26705539;88;28;0.17;2.814285714;3.701428571;95.5;94;0.04;0.24;0.05;0.11
85;11;99.87002356;8.333333333;172.7083333;1687.083333;2276;yes;30;6;4.775;5.965005931;35;2.99940688;0.298422566;2.8;0.040747331;3.768256228;0.045953617;0.908879004;464.2348754;650;66;90.87663108;142;29;0.1;2.725;3.693333333;97;92;0.06;0.24;0.05;0.11
86;11;99.92202103;2.708333333;51.25;668.125;3006;no;30;9;7.186666667;5.480612846;8.6;3.359929287;0.049138759;3.4;0.061166765;3.70824396;0.026676864;0.84;486.5904537;534;402;100.7790218;113;86;0.14;3.7;3.757333333;94;89;0.06;0.24;0.05;0.11
87;11;99.89409065;5.208333333;102.0833333;877.2916667;3722;no;29.99312321;10;4.684210526;5.651216686;10.4;3.359478261;0.049343312;3.4;0;3.742846377;0.033953738;0.866052174;474.4278261;512;109;102.0307246;121;64;0.14;3.35;3.677222222;98.33;92;0.05;0.28;0.05;0.15
88;21;99.79843185;3.333333333;85;246.25;408;no;50;4;5.133333333;4.616160389;9.5;4.663061968;0.052168124;4.7;0.089914945;5.24490887;0.130285893;1.744605103;64.2308627;75;30;197.653706;214;110;0.06;4.783333333;5.28;95.67;88;0.03;0.06;0.05;0.05
89;21;100;2.083333333;93.33333333;511.6666667;1182;no;49.96266044;7;7.5;4.75884434;9.3;4.455896226;0.054659177;4.5;0.031367925;5.207417453;0.12909294;1.757771226;65.56014151;72;58;187.2299528;203;171;0.11;4.625;5.2725;91.67;88;0.03;0.05;0.05;0.05
90;14;99.89743259;145.4166667;1118.125;10542.91667;8269;no;21.05463489;26;13.21578947;4.303233758;13.2;7.048831337;0.143868382;7.1;3.377677942;3.707882311;0.0637056;0.636050623;53.02178764;63;0;365.7604534;415;0;0.23;4.746875;3.7034375;96.83;95;0.03;0.11;0.05;0.05
91;14;99.98013547;21.45833333;244.375;1908.125;7338;no;29.98867748;12;5.81;3.630940131;5.6;4.456723402;0.062700145;4.5;1.569901152;3.635031877;0.059482151;0.819857285;54.88857694;60;46;365.5803942;400;75;0.17;6.093103448;3.671724138;95.5;92;0.05;0.06;0.05;0.05
92;15;99.94566969;5.181818182;54.54545455;1615.818182;8716;yes;20.32193145;37;3.576744186;7.018125401;14.5;11.35385983;0.204500004;11.4;4.657135602;8.329951752;0.124725038;2.518227527;17.67877095;53;7;120.5330117;129;108;0.4;11.12941176;8.173529412;90;84;0.09;0.05;0.05;0.05
93;15;99.97751958;4.363636364;47.81818182;896.9090909;8134;no;19.99389587;6;4.639366516;4.371087038;8;11.86195569;0.1624414;11.9;5.079373568;8.291235039;0.054038415;2.545928189;22.61650115;31;8;125.4087089;134;118;0.37;12.68125;8.199375;87.25;76;0.12;0.12;0.07;0.05
95;25;100;2.916666667;112.9166667;826.25;1939;no;49.9625731;9;14.44545455;5.059834123;9.6;4.455924171;0.054243193;4.5;0.026895735;5.196078199;0.12707177;1.74985782;68.27488152;77;58;186.3388626;201;170;0.49;5.07;5.397;94.5;88;0.04;0.24;0.05;0.11
96;25;100;2.916666667;129.5833333;1236.666667;2885;no;49.92433062;8;8.746666667;5.288507109;10.4;4.953317536;0.058049667;5;0.013507109;5.177227488;0.12292169;1.69;65.20616114;71;57;195.9632701;212;183;0.16;4.984615385;5.239230769;90.83;86;0.05;0.25;0.05;0.13
97;25;99.99248826;5;134.1666667;1631.25;3843;no;49.96248535;11;7.517647059;5.187799043;10.2;5.154425837;0.055947199;5.2;0.000119617;5.193301435;0.098950711;1.691351675;69.85885167;79;61;203.2464115;220;189;0.38;4.94375;5.210625;95.5;92;0.03;0.25;0.05;0.11
98;25;99.93835458;4.166666667;185;1596.666667;3713;no;49.88799076;11;5.968421053;5.485596222;10.1;5.050531287;0.059521942;5.1;0;5.19403778;0.127667707;1.705690673;67;74;58;196.1853601;214;188;0.14;5.375;5.288125;95.5;91;0.02;0.26;0.05;0.12
99;25;99.96776084;3.333333333;166.6666667;577.9166667;1237;no;49.96135831;5;9.588888889;5.367810651;9.3;5.255621302;0.064449904;5.3;0;5.208804734;0.130559735;1.701976331;70.12189349;81;63;207.616568;223;110;0.08;5.5625;5.2425;93.67;87;0.03;0.25;0.05;0.11
100;25;99.91813953;2.5;108.3333333;420;930;no;49.96167247;7;3.675;5.012895662;9.5;5.052520516;0.058613488;5.1;0;5.176143025;0.13288515;1.72;70.3880422;77;62;199.1383353;214;185;0.12;4.957142857;5.207142857;94;89;0.04;0.25;0.05;0.11
101;25;99.83638526;3.75;148.75;1140.416667;2609;no;49.9608076;8;5.253333333;5.254171705;10.1;4.860217654;0.059671831;4.9;0;5.143700121;0.047518031;1.74;72.88754534;82;62;198.3941959;211;186;0.15;5.271428571;5.195714286;90.83;84;0.04;0.25;0.05;0.11
102;25;100;2.083333333;170;395.8333333;828;no;49.88863375;7;12.61111111;5.338515081;10.5;4.955568445;0.060276863;5;0;5.144733179;0.09600552;1.731438515;74.43387471;80;64;197.8074246;215;183;0.06;4.966666667;5.15;91;81;0.02;0.26;0.05;0.12
103;25;99.90698225;4.583333333;130;545.8333333;1175;no;49.96217494;4;7.3;5.191288783;10.1;4.954002389;0.060293263;5;0;5.114575866;0.054686738;1.725854241;68.130227;78;60;187.0908005;203;168;0.12;5.0125;5.14625;94.83;92;0.02;0.26;0.05;0.12
104;25;99.8423651;2.916666667;111.6666667;542.5;1229;no;49.96330275;5;9.06;5.089675174;10.1;4.953828306;0.056436644;5;0;5.104640371;0.097954922;1.72;67.97447796;75;61;185.6542923;199;178;0.08;4.933333333;5.146666667;92.67;88;0.02;0.25;0.05;0.12
105;25;99.93841608;2.5;105.4166667;723.3333333;1671;no;49.9622196;6;6.054545455;5.048803828;10;5.055861244;0.053402549;5.1;0;5.120837321;0.040768279;1.72;70.34688995;81;59;190.1327751;202;178;0.04;4.92;5.148;92.33;86;0.04;0.27;0.05;0.13
94;18;119.928366;2.291666667;42.96875;727.9166667;7998;no;19.99896068;15;7.976923077;5.510283626;9.8;4.267316394;0.268419614;4.2;0.02765402;5.654103724;0.038273065;1.678639053;10.3872259;45;0;186.5062652;260;109;1.35;5.188;5.2992;88.17;81;0.12;0.05;0.05;0.05
106;24;79.96455466;2.636363636;46;694.4545455;6804;no;45;15;5.363888889;4.412601958;8.1;9.459991843;0.125781586;9.5;5.03278956;8.016606852;0.049426938;2.725328303;23.15844209;32;9;124.4944943;130;120;0.4;11.44166667;7.972222222;92;89;0.11;0.23;0.05;0.09
107;24;79.97587115;2.454545455;60.09090909;325.3636364;2598;no;45;8;5.593333333;4.477366924;7.6;9.260780329;0.144401346;9.3;4.96173542;7.987472059;0.040427976;2.737967893;27.15830116;46;11;124.0843325;130;121;0.36;10.34;7.828;86.42;76;0.12;0.24;0.05;0.11
108;19;99.93417874;3.75;71.25;845.4166667;1990;no;49.96139928;9;13.44;4.48986569;7.4;4.57008547;0.04866298;4.6;0.106349206;5.377399267;0.068062251;1.97;101.1526252;114;78;177.5543346;200;159;0.38;4.977777778;5.405555556;94.17;87;0.03;0.12;0.05;0.06
109;19;100;2.083333333;110.8333333;467.0833333;1104;no;49.88470588;6;8.37;4.151309524;7.5;4.763809524;0.052582979;4.8;0.242857143;5.378845238;0.0719255;1.931833333;100.5047619;114;82;177.1916667;196;162;0.06;4.8;5.418571429;95.67;93;0.04;0.06;0.05;0.05
110;19;99.97971698;2.5;76.66666667;535.8333333;1270;no;49.92470588;5;7.28;4.169880952;7.3;4.776904762;0.046472112;4.8;0.128214286;5.386738095;0.070765122;1.93;100.1892857;114;83;175.8833333;192;162;0.11;4.85;5.38125;94.67;92;0.04;0.11;0.06;0.05
111;19;99.9149941;2.5;74.58333333;816.25;1939;no;50;5;5.581818182;4.26076555;7;4.661363636;0.052048405;4.7;0.057655502;5.358205742;0.069407317;1.93;103.4904306;123;86;172.5430622;187;158;0.1;4.809090909;5.374545455;91.5;83;0.03;0.06;0.05;0.05
112;19;100;2.916666667;89.16666667;527.0833333;1229;no;49.96199525;5;3.322222222;4.299879952;8;4.66482593;0.05257092;4.7;0.007442977;5.353973589;0.039972157;1.946926771;106.6038415;126;88;176.7286915;195;164;0.12;4.7375;5.3675;93.83;90;0.02;0.14;0.07;0.05
113;19;99.89564706;6.666666667;121.25;693.75;1587;no;50;5;4;4.34297619;7.9;4.662857143;0.056530001;4.7;0.000833333;5.338595238;0.036042988;1.93;106.2595238;127;56;175.347619;193;104;0.14;4.68;5.361;89.5;88;0.02;0.13;0.06;0.05
114;19;100;2.083333333;110.8333333;618.3333333;1459;no;49.96135831;5;10.62222222;4.39964497;7.5;4.765798817;0.049900206;4.8;0.000118343;5.398272189;0.039599257;1.93;103.6414201;123;83;176.8284024;194;159;0.1;4.8375;5.37125;89.83;85;0.02;0.12;0.05;0.06
115;19;100;2.083333333;101.6666667;645.8333333;1532;no;50;5;3.922222222;4.391190476;8.3;4.66202381;0.053468041;4.7;0;5.409761905;0.043865006;1.963154762;103.297619;121;87;177.1738095;194;153;0.12;4.6;5.38;89.17;84;0.03;0.11;0.05;0.05
116;19;99.93530093;4.166666667;93.33333333;706.25;1551;no;49.96184971;8;5.633333333;4.801518692;8.1;4.565303738;0.050256896;4.6;0;5.395700935;0.07087242;1.97;103.0549065;122;85;175.7943925;193;156;0.08;4.5875;5.42;91.33;88;0.03;0.12;0.05;0.05
124;1;99.9043956;20.41666667;206.25;4242.083333;8314;no;30.05853659;26;14.278125;6.45571066;8.7;5.150063532;0.065065018;5.1;0;5.295743329;0.075409317;1.847750953;67.49174079;83;37;181.9542567;228;107;1.35;4.80625;4.969375;92.83;90;0.03;0.06;0.05;0.06
125;1;100;3.75;100;1600.416667;3729;no;29.98441247;10;7.03125;5.553422983;7.6;4.658435208;0.064384831;4.7;0;5.302127139;0.082769524;1.905550122;64.65525672;79;57;165.1356968;179;150;0.21;5.16;5.161333333;96.5;94;0.03;0.08;0.05;0.08
126;1;99.92246799;3.333333333;83.33333333;1220.416667;2305;no;30;4;8.469230769;5.925886525;9.1;4.355082742;0.068397932;4.3;0;5.272269504;0.083642254;1.91464539;64.06973995;77;56;159.0224586;175;148;1.38;4.446153846;5.127692308;92.83;85;0.03;0.06;0.05;0.06
127;1;99.9942217;5;149.5833333;1682.916667;3573;no;30;6;9.923529412;6.261251504;8;4.255716005;0.061412578;4.3;0;5.249061372;0.083152262;1.915884477;65.44524669;78;58;161.9975933;177;149;2.3;3.764705882;4.972941176;95;92;0.04;0.06;0.05;0.06
128;1;99.75773318;5.833333333;171.6666667;1635.833333;2846;no;30;10;5.807142857;6.369027611;8.7;4.352821128;0.06947494;4.3;0;5.296830732;0.076921172;1.93;68.37334934;83;57;158.3877551;179;143;0.23;5.092857143;5.232142857;94.67;91;0.03;0.06;0.05;0.06
117;5;99.89399625;14.875;171.6666667;1970.041667;22080;no;30.02319316;48;8.98875;5.596358047;10.6;8.454774583;0.662574756;7.9;0.004886996;3.649175246;0.035605251;0.640133712;88.65660869;192;0;60.12211573;83;0;0.45;7.263636364;3.69974026;91.33;88;0.02;0.24;0.06;0.13
129;1;100;4.583333333;115.8333333;1900.416667;3786;no;30;10;7.633333333;6.440560292;8.7;4.253349574;0.06289062;4.2;0;5.250414129;0.079448244;1.93;72.22046285;82;61;163.7295981;179;146;0.35;4.24;5.257333333;95.83;94;0.04;0.09;0.05;0.09
130;1;99.82544379;7.916666667;116.25;1000.833333;2083;no;29.9716647;13;7.583333333;6.770299401;9.7;4.454730539;0.063744228;4.4;0;5.245628743;0.078552133;1.929389222;73.65269461;85;63;169.1101796;211;153;0.4;4.56;5.08;94.5;92;0.05;0.11;0.05;0.11
131;1;99.92095238;6.25;108.75;2255.416667;2537;no;29.98573127;9;9.641666667;6.889022919;8.1;4.361399276;0.068848156;4.4;0;5.23437877;0.0807648;1.927189385;76.27261761;89;65;175.7864897;189;154;0.5;4.572727273;4.996363636;95;93;0.04;0.09;0.05;0.09
132;1;99.98462441;5.416666667;96.25;2360;3598;no;29.985932;8;6.664705882;7.119019139;8.5;4.160047847;0.064423729;4.2;0;5.235801435;0.080510073;1.94423445;80.99043062;94;48;180.8026316;195;97;0.47;3.9625;5.114375;95.5;92;0.03;0.09;0.05;0.09
133;1;99.83812352;4.583333333;114.5833333;2385;3733;no;30;4;9.211111111;6.929854369;8.7;4.258737864;0.063102141;4.3;0;5.271990291;0.080130027;1.93868932;81.01334951;96;68;185.3252427;199;166;1.26;4.427777778;5.1;96;93;0.04;0.09;0.05;0.09
118;7;119.9271172;4.166666667;43.16666667;1402.5;16443;no;20.39859944;31;15.18214286;3.9267786;5.6;10.25927718;0.151285002;10.3;0;4.870549232;0.09106799;0.899083665;121.7000569;241;59;201.8423449;264;117;0.86;9.192307692;4.554807692;90;86;0.03;0.09;0.05;0.09
119;7;119.9383478;6.333333333;213.5833333;1562.25;11824;yes;19.9977691;20;5.471052632;4.342841037;6.7;9.113278827;0.269079905;9.1;0;4.825280519;0.094485569;0.953729913;108.8012405;199;60;183.4680011;275;103;0.31;10.51944444;4.7975;89.33;85;0.06;0.09;0.05;0.09
120;7;119.971552;1.416666667;35.08333333;345.6666667;4029;no;19.99832962;8;8.18125;3.687472036;6.4;9.460363636;0.139682996;9.5;0;5.021935664;0.084165154;0.998825175;64.83188811;183;62;185.353007;210;149;0.4;9.2;4.937857143;93.83;88;0.11;0.09;0.05;0.09
121;7;119.9856505;1.75;20.66666667;260.3333333;2947;no;20;7;5.584615385;3.649103641;5.4;9.555994398;0.212996553;9.6;0;5.014028011;0.072036535;0.995843137;64.51064426;72;62;191.1042017;211;130;0.34;9.508333333;4.865;93;89;0.07;0.15;0.05;0.09
122;7;119.9871409;2.083333333;32.33333333;542.3333333;6158;no;19.9952633;12;8.040909091;3.508354359;5.2;8.953660589;0.115670021;9;0;5.098709677;0.080939462;1.038894811;64.79887798;70;62;173.801122;198;159;0.59;9.28;4.8065;89.67;84;0.05;0.09;0.05;0.09
123;8;89.97573816;4.636363636;126.8181818;1437.545455;7955;yes;49.90624285;24;6.486486486;3.679543358;12.9;12.48825565;0.521619425;12.2;0.131795108;6.546469774;0.071024268;1.473809414;18.82141209;49;0;339.7688048;567;243;1.2;11.87142857;6.528;85.17;84;0.05;0.13;0.05;0.08
134;19;100.0036686;8.333333333;198.75;2002.083333;4761;no;49.88443396;20;16.55;4.658837772;7.8;4.566464891;0.05046544;4.6;0;5.137978208;0.089900441;1.55;90.76755448;109;76;7.427360775;225;5;0.49;4.226315789;5.336315789;90.33;87;0.02;0.21;0.05;0.07
135;19;99.93784722;3.333333333;87.08333333;852.5;2008;no;50;6;6.836363636;4.537162954;7.1;4.353692849;0.051740454;4.4;0;5.084490035;0.093032525;1.6;93.59671747;110;79;7.31887456;13;6;0.13;4.627272727;5.180909091;93;89;0.03;0.12;0.05;0.06
136;19;99.82183508;2.916666667;68.75;425.8333333;995;no;50;4;10.2125;4.514654162;7.3;4.564009379;0.050410148;4.6;0;5.12038687;0.091766521;1.6;91.33880422;108;76;7.402110199;149;5;0.06;4.525;5.1525;92.83;89;0.03;0.12;0.05;0.06
137;19;100;4.583333333;88.75;1164.166667;2740;no;49.96309112;7;5.786666667;4.390610329;7.5;4.057511737;0.052234724;4.1;0;5.098556338;0.092991315;1.66;91.69014085;107;77;7.333333333;12;6;0.08;4.453846154;5.136153846;90.17;87;0.03;0.26;0.05;0.06
138;19;100;2.083333333;100;702.5;1656;no;49.96162791;5;9.081818182;4.307067138;7.8;4.056301531;0.051496323;4.1;0;5.094464075;0.094510788;1.66;90.85512367;106;76;7.313309776;16;6;0.06;4.25;5.126;93.5;90;0.03;0.12;0.05;0.06
139;19;100;2.083333333;79.58333333;695.4166667;1637;no;49.96162791;6;7.872727273;4.257597173;7.7;4.157243816;0.051142035;4.2;0;5.10623086;0.100022042;1.66;88.9540636;105;75;7.372202591;12;6;0.06;4.16;5.13;91.17;86;0.02;0.18;0.05;0.06
140;19;100;2.083333333;97.08333333;823.75;1942;no;49.96153846;5;8.05;4.255555556;8;4.157092199;0.052086033;4.2;0;5.130874704;0.102076388;1.67;87.29078014;103;74;7.372340426;18;6;0.06;4.327272727;5.140909091;92.67;88;0.04;0.11;0.05;0.06
141;19;99.93213038;4.166666667;100;449.5833333;1010;no;49.96162791;5;13.96666667;4.14653349;8.3;4.158871915;0.051797309;4.2;0;5.100940071;0.09807229;1.655992949;86.93301998;103;58;7.316098707;12;2;0.08;4.075;5.1325;94;87;0.04;0.14;0.05;0.09
142;12;160;1.875;51.19791667;868.4895833;10556;no;19.99471635;10;6.844444444;5.189184646;8.1;7.678257215;0.540934449;7.3;0.070692071;3.991017092;0.024517816;1.077901373;210.6590081;228;90;373.4922948;431;151;0.46;8.396296296;4.101481481;91.33;87;0;0.25;0.05;0.12
143;12;160.0073608;1.25;29.84375;492.5;8737;no;10.03021824;11;6.073913043;4.200844832;6.1;7.15468882;0.061802573;7.2;1.68177978;4.073936919;0.027859617;1.108070966;219.9611377;232;210;316.6600957;344;261;0.1;7.818181818;4.035454545;90;82;0;0.34;0.05;0.13
144;12;160;1.145833333;17.91666667;470;8717;no;10.00223901;11;4.783333333;4.443843336;5.3;7.359087067;0.058637869;7.4;1.841420118;4.141313046;0.024990873;1.112685263;220.4350521;232;188;308.0645252;333;181;0.04;8.217391304;4.057391304;91.67;90;0;0.23;0.05;0.1
145;4;99.9852381;9.090909091;198.4562607;2800.857633;15996;no;49.89828897;50;9.515873016;3.861391475;5.5;9.637383635;0.246462848;9.7;0.291229789;9.262302793;0.084644519;2.381641352;57.61881431;150;50;418.6452719;478;196;2.98;10.56440678;9.180338983;84.83;77;0.14;0.07;0.05;0.07
146;4;100;2.915951973;59.34819897;1627.61578;9345;no;49.93838863;23;8.48;4.231449275;5.4;9.658357488;0.097007958;9.7;0.2;9.085270531;0.106906496;2.424415459;56.73623188;85;50;395.6086957;435;340;1.89;10.09722222;8.3775;88.83;86;0.16;0.05;0.05;0.05
147;4;100.002958;3.945111492;89.7084048;2247.169811;12817;no;49.96901811;21;7.130769231;4.25801564;5.4;9.727761486;0.202796039;9.7;0.2;9.430097752;0.112703563;2.441045943;56.39784946;66;51;400.8167155;536;341;2.11;9.448;8.9892;85.83;80;0.15;0.05;0.05;0.05
148;4;99.9967696;3.087478559;61.23499142;2098.799314;11271;no;50;16;5.402173913;4.650121418;5.7;9.295628946;0.223781291;9.3;0.199708596;9.334604177;0.10228239;2.472311802;56.89606605;59;53;391.3190869;442;335;0.47;9.802173913;9.233043478;90;83;0.15;0.06;0.05;0.06
149;11;99.91714286;3.333333333;79.79166667;965.625;4567;no;59.94946492;13;6.966666667;3.860746538;7.8;4.156170981;0.052234685;4.2;0.128597231;3.527965081;0.070138941;1.151210114;54.97591812;60;46;136.1264299;173;79;0.16;5.584210526;3.534736842;92.83;86;0.04;0.26;0.05;0.1
150;10;119.8812545;7.604166667;71.14583333;751.0416667;6762;no;50;14;4.15;2.961930391;4.4;9.455096913;0.230254425;9.5;0.070926059;4.648704235;0.055712852;1.29;70.07286432;75;0;184.2954056;229;0;0.19;11.01;4.65;86.5;82;0;0.28;0.06;0.1
151;10;119.8456506;6.666666667;81.14583333;1232.708333;11492;no;49.9883351;16;9.571052632;3.038445002;5.4;9.759011107;0.15585453;9.8;0.093013257;4.655299176;0.06960906;1.256055177;71.17377284;79;32;198.9727696;250;129;0.09;9.464864865;4.561621622;85.67;80;0;0.2;0.05;0.09
152;10;119.9643414;2.291666667;35.3125;1061.875;10102;no;50;9;3.8875;3.061031519;4.8;9.257772206;0.151844438;9.3;0;4.637073782;0.064066745;1.300820201;75.53939828;81;38;173.5909742;242;103;0.82;9.61875;4.4284375;88.33;81;0;0.21;0.05;0.09
153;24;79.96199352;7.545454545;55.18181818;1419.818182;12330;no;45.01701094;31;13.81269841;4.799774359;7.7;8.957497436;0.206835125;9;3.499671795;8.834135385;0.488611045;2.498418462;43.41989744;61;39;294.6670769;345;152;1.63;8.249180328;9.486885246;88.83;80;0.12;0.3;0.07;0.12
154;22;119.9014379;21.09375;58.33333333;1165.260417;12325;no;79.96407086;21;7.505;6.129054509;11.6;5.127919892;0.690681244;4.8;0.021272299;5.153554359;0.092735397;1.719925951;72.22955234;93;0;158.8522383;222;0;1.08;6.648717949;4.907179487;93.17;85;0;0.28;0.05;0.15
155;22;119.9503111;2.395833333;25.98958333;680.9895833;6826;no;79.98880398;9;7.695652174;6.214846538;7.6;5.050829913;0.075086099;5;0;5.128443691;0.07867797;1.743408888;72.67249688;92;48;148.7904694;196;102;0.25;5.890909091;5.092272727;93.17;86;0;0.29;0.05;0.16
156;22;119.8819066;5.052083333;42.55208333;608.6979167;32;no;52.21369185;2;5.233333333;5.468477876;8.2;5.365988321;0.77984829;4.8;0.027570342;5.298481685;0.125270661;1.706004247;71.0378694;91;39;168.0817554;271;110;0.14;6.466666667;5.25;89.5;82;0;0.27;0.05;0.14
157;22;119.9355905;2.916666667;57.55208333;379.21875;6196;no;34.9968181;8;7.363636364;5.634232476;7.1;4.559602414;0.080854558;4.6;0;5.419755059;0.081363821;1.8;73.59353923;94;42;155.7474263;176;101;0.61;4.809090909;5.351818182;92.5;85;0;0.26;0.05;0.12
158;23;119.9279774;5.833333333;57.8125;698.0208333;6368;no;79.97816132;12;19.27727273;3.552325169;7.7;7.056194533;0.085393486;7.1;0.141569045;6.170692226;0.039590187;1.892818601;3.671636493;10;2;213.8800142;329;119;0.46;6.1;6.073333333;86;77;0;0.34;0.06;0.09
159;23;119.9683656;1.354166667;25.10416667;628.3333333;5975;no;79.97786367;7;5.79047619;4.170513274;8.6;6.461946903;0.069852364;6.5;0;6.312870796;0.05305076;1.987720354;3.463716814;10;2;200.5235398;231;109;0.32;6.935;6.1575;88.67;85;0;0.33;0.06;0.1
160;23;119.9981013;2.291666667;51.45833333;339.8958333;3131;no;79.95643008;8;4.585714286;3.474894068;7.4;6.254060734;0.061286403;6.3;0.272634181;6.187800141;0.036975915;1.966144068;3.18079096;11;2;219.7658898;294;168;0.16;6.208333333;6.113333333;86.83;80;0;0.28;0.05;0.1
161;23;119.941693;2.083333333;50.72916667;1046.354167;2812;no;60.41327247;6;4.366666667;4.632404795;11.5;5.771040564;0.435805871;5.5;0.000846561;6.340567901;0.114119602;2.05557672;3.544268078;11;2;195.2352734;244;142;0.39;6.566666667;5.981666667;88.17;85;0;0.28;0.05;0.1
162;2;119.9524709;5.104166667;41.92708333;1005.052083;13002;no;35.01375904;23;8.153488372;6.00838962;8.6;3.555217778;0.083816077;3.6;0;5.323719111;0.095871384;1.925809778;76.40568889;97;44;169.7201778;211;109;0.5;4.963414634;5.269268293;87;83;0.08;0.05;0.08;0.05
163;2;119.8091183;11.51041667;35.83333333;1437.291667;12680;no;34.98407925;11;7.31;5.862675931;7.7;3.353895525;0.104582403;3.3;0;5.534999109;0.097885112;1.959210198;80.73934748;103;41;165.8051346;228;101;0.68;3.328205128;5.246923077;94.17;92;0.08;0.05;0.08;0.05
164;3;119.8846451;4.791666667;108.75;730.7291667;5975;no;6.616827763;11;7.196518987;6.592837157;10.1;5.954371681;0.103014943;6;0.010123894;6.633511504;0.061170609;2.049582301;4.980176991;10;2;197.8955752;229;110;1.91;7.69047619;6.352857143;89.83;85;0.07;0.05;0.07;0.05
165;3;119.9326072;2.916666667;39.0625;1273.854167;11373;no;6.724855635;16;4.696440129;6.59010989;9.3;5.951067616;0.105932596;5.9;0.000177936;6.715558719;0.058023616;2.054626335;4.802135231;11;2;197.6352313;225;77;2.06;6.077777778;6.378611111;88.83;88;0.08;0.05;0.08;0.05
166;3;119.9888264;1.25;26.14583333;740;6258;no;6.777274782;11;5.376425856;6.562773465;10.4;5.955469027;0.105510367;6;7.08E-05;6.789957522;0.068663369;2.066948673;4.932743363;11;2;195.9047788;224;166;0.2;6.142857143;6.516190476;88.83;85;0.07;0.05;0.07;0.05
167;3;119.9324698;2.604166667;36.66666667;1506.666667;12454;no;6.85726183;14;5.930943396;7.054492255;9.9;4.756711047;0.095662479;4.8;0;6.865973372;0.05332785;2.213206189;5.142857143;11;2;190.8434689;224;149;0.62;6.166666667;6.681538462;91;85;0.06;0.05;0.06;0.05
168;3;119.9695606;1.666666667;41.875;1477.916667;14097;no;6.627939637;11;4.294865526;5.43192389;9.5;5.955730096;0.077576073;6;0;6.618229204;0.045418753;2.055772938;4.004284184;10;2;189.3420207;218;170;0.35;5.159090909;6.722045455;88.33;82;0.07;0.05;0.07;0.05
169;3;119.969382;1.458333333;31.45833333;346.1458333;3217;no;6.465168254;5;4.244855967;5.617887857;8.2;5.95567701;0.095763156;6;0;6.460003526;0.05203682;2.038519041;4.430535966;11;2;203.5165726;238;154;0.12;5.791666667;6.5225;88.5;87;0.06;0.05;0.06;0.05
170;3;119.9324552;2.916666667;65.9375;761.7708333;6862;no;6.515594828;15;4.98627451;5.676023945;8.2;6.155244507;0.086438413;6.2;0;6.50350815;0.06008463;2.01388377;4.310063785;11;2;210.4270021;275;106;0.61;6.228;6.3084;85.67;82;0.08;0.05;0.08;0.05
171;3;119.9856638;1.25;32.70833333;383.75;3610;no;6.576598856;10;3.116736402;5.48001376;7.2;6.760411493;0.096500004;6.8;0;6.584994679;0.038618234;1.992170983;4.166371054;12;2;220.6857042;269;197;0.38;7.684615385;6.45;83.83;82;0.07;0.05;0.07;0.05
172;2;119.9300513;1.927083333;34.42708333;584.21875;9803;no;35;13;7.09;5.754647237;7.9;3.954913808;0.094453009;3.9;0;5.406511463;0.086654472;1.886092056;75.66980629;107;45;171.3022925;200;102;0.56;3.85;5.282666667;92.33;88;0.06;0.05;0.06;0.05
173;2;119.9841567;0.885416667;15.46875;228.6458333;2659;no;35;4;8.090909091;5.775410995;7.6;4.055753933;0.109126668;4;0;5.340208591;0.084547587;1.868672441;74.24270815;95;48;176.5649638;218;105;0.24;4.163636364;5.33;88;85;0.06;0.05;0.06;0.05
174;2;119.9600317;2.65625;26.30208333;473.4895833;7241;no;35;20;11.088;5.5759908;7.7;4.658492569;0.115006064;4.7;0;5.341296886;0.084672638;1.801183652;77.31033263;114;51;187.9212668;235;105;0.86;4.448;5.23;91.83;88;0.06;0.05;0.06;0.05
175;4;99.95343992;4.288164666;59.17667238;2422.813036;10517;no;19.99903148;20;7.97804878;4.899505929;6.6;10.45;0.111831029;10.5;0.425444664;8.786452569;0.056016775;2.489525692;3.701086957;12;2;301.2870553;399;253;1.83;12.785;8.3395;87.92;78;0.07;0.05;0.05;0.05
176;4;100;1.54373928;49.05660377;689.8799314;2059;no;20;4;6.554545455;4.722329628;6.1;10.85447076;0.111849118;10.9;0.277670372;8.710246496;0.085808743;2.431464476;3.603189947;13;2;304.421943;337;152;0.09;10.65454545;8.685454545;87.5;79;0.12;0.05;0.05;0.05
177;4;99.88979691;8.576329331;85.07718696;3441.166381;15833;no;20.01594203;23;7.632786885;5.165007466;6.7;9.550249004;0.111920045;9.5;0.320866534;9.047066733;0.071006793;2.573057769;3.728087649;10;2;259.9800797;332;149;0.28;10.035;8.860166667;89.33;84;0.09;0.05;0.05;0.05
178;4;99.95717045;2.915951973;61.23499142;1331.389365;6718;no;20;10;7.521428571;4.994126285;7.2;10.75770925;0.132898965;10.8;0.300146843;9.026901615;0.113107403;2.459427313;3.939304944;11;2;293.5976505;388;259;0.26;10.33928571;8.8475;88.5;81;0.13;0.06;0.05;0.06
179;4;99.95040689;2.744425386;68.43910806;564.1509434;2974;no;20;8;6.806666667;4.11051109;5.5;11.16171649;0.121536015;11.2;0.68948891;8.821856316;0.067663626;2.368302797;3.559305689;11;2;343.4378014;837;190;0.32;10.77333333;8.824;85.83;82;0.13;0.06;0.05;0.06
180;12;119.8963845;5.46875;41.19791667;2025.46875;6411;no;29.99774109;18;10.52173913;4.434630147;9.7;4.710397767;0.158304296;4.7;0.030844382;4.154384159;0.033974561;0.980136078;588.1924285;681;197;112.140963;155;67;0.64;4.804761905;3.983333333;88.83;86;0;0.27;0.08;0.07
181;12;119.9747272;2.65625;19.11458333;399.4791667;5741;no;29.99584416;11;5.528571429;4.260705596;6;4.758394161;0.080972236;4.8;0;4.085151199;0.065213709;0.979487313;617.5370177;672;206;108.8048314;145;84;0.26;5.468421053;4.032631579;88;85;0;0.28;0.06;0.08
182;12;119.9624978;1.458333333;19.79166667;500.2083333;8086;no;30;13;6.446428571;4.922652317;6.1;5.358263889;0.058437487;5.4;0;3.932682292;0.027416573;0.902029514;627.4385417;672;308;98.89357639;109;59;0.95;4.765517241;3.824482759;89.83;85;0;0.21;0.05;0.09
183;12;119.9974719;0.572916667;12.5;189.8958333;2782;no;29.99774931;5;5.825;4.974618321;6.2;5.354875087;0.063575312;5.4;0;3.92148161;0.031764433;0.910270645;612.9450035;657;519;102.0253296;135;89;0.16;5.481818182;3.946363636;90.83;85;0;0.23;0.05;0.1
184;10;159.9491537;2.5;42.29166667;1549.0625;14558;no;29.98511502;22;6.402857143;3.14961885;5.1;9.655162855;0.131060533;9.7;1.326541927;5.145065835;0.026112803;0.756923077;214.7657658;232;166;340.0630631;360;309;0.92;6.291176471;5.081470588;85.67;83;0;0.24;0.05;0.11
185;10;159.9749159;1.145833333;34.6875;603.4375;5649;no;29.96109993;14;7.176470588;3.185074627;4.6;9.456987788;0.139422302;9.5;1.699864315;5.180535957;0.027952008;0.823093623;218.1458616;240;137;310.7537313;324;185;0.12;10.05384615;5.141538462;86.5;81;0;0.23;0.05;0.11
186;10;159.9756902;0.625;28.54166667;618.4375;5937;no;29.99057873;7;5.723529412;3.289380531;4.9;9.562763785;0.187797319;9.6;1.87311096;5.210646698;0.023939149;0.829543907;222.1272975;254;198;298.1300204;310;287;0.38;9.9125;4.931875;88.83;88;0;0.22;0.05;0.1
187;10;160;1.25;23.02083333;1013.020833;9725;no;30;12;4.683333333;3.223763066;5.2;9.662369338;0.205652251;9.7;1.925226481;5.099993031;0.026781047;0.85;194.7247387;209;162;294.615331;317;274;0.5;10.30416667;4.974166667;88.17;84;0;0.24;0.05;0.11
188;13;119.9824136;1.458333333;18.54166667;266.5104167;4624;no;79.89071229;15;11.23333333;4.633239733;7.7;6.361705862;0.062261261;6.4;0;5.33045279;0.042015719;1.464210249;0.181993682;15;0;182.1486486;403;157;2.43;5.410714286;5.703571429;93.83;87;0.03;0.2;0.1;0.05
189;13;119.963491;1.510416667;28.90625;208.1770833;2804;no;79.93244182;7;4.354545455;4.885227075;10.4;5.558578645;0.062983325;5.6;0;5.315199443;0.076864396;1.536796725;0.099460024;16;0;162.0773384;266;92;0.17;6.254545455;5.319090909;91.5;84;0.03;0.13;0.08;0.05
190;13;119.983834;0.625;19.79166667;357.5;6177;no;80;9;4.991304348;5.051638773;8;5.154532775;0.059027498;5.2;0;5.333338563;0.036863438;1.57;0.080369596;18;0;158.3976639;196;100;0.09;5.360869565;5.313478261;90.33;83;0.04;0.18;0.08;0.05
191;17;99.93721205;4.583333333;59.89583333;1371.354167;11454;no;79.98139947;21;6.615909091;3.395393359;5.1;7.431229435;0.637572738;7.9;0;6.287505235;0.078584488;1.990125636;49.36553993;58;39;200.6530063;255;110;0.59;7.830232558;6.053488372;87.92;78;0.03;0.06;0.06;0.05
192;17;99.98050074;1.5625;33.125;446.5625;4149;no;79.98174323;11;9.294736842;3.310601125;7.7;6.859105715;0.091237054;6.9;0;6.272200178;0.096558605;2.020242819;54.12466686;59;43;191.3313592;224;121;0.28;6.738888889;6.226666667;88.17;83;0.05;0.14;0.06;0.05
193;17;119.9003173;5.625;42.08333333;834.5833333;7503;no;79.95560254;12;6.2;5.807503556;8.6;6.052508004;0.144913545;6;0;6.336905016;0.091535097;2.104581999;64.80184988;71;0;206.1586624;223;0;0.36;6.452;6.0888;90.33;85;0.03;0.1;0.05;0.05
194;17;119.9971429;1.458333333;24.16666667;517.3958333;4820;no;80;9;7.423529412;5.808868393;8.8;6.459311813;0.088403281;6.5;0;6.355306846;0.096265265;2.073554452;66.97339482;71;60;207.2937212;226;193;0.7;6.15;6.02125;88.5;85;0.04;0.05;0.05;0.05
195;15;79.94374115;7.090909091;66.36363636;2553.454545;24351;no;19.99889665;1;14.37965879;3.663408896;6.6;10.15233858;0.094424987;10.2;3.677110927;9.59553394;0.378065658;2.388321606;44.55484272;48;39;344.7450331;407;136;2.45;8.126548673;9.755309735;88.17;83;0.1;0.06;0.05;0.05
196;23;119.9697946;2.8125;55;944.2708333;8112;no;79.9780531;15;6.151851852;6.234917798;10.2;5.051751251;0.101201963;5;0;6.18735168;0.097778097;2.219774839;64.95175125;71;47;199.1340243;222;117;0.7;6.919230769;6.135384615;85.33;82;0;0.27;0.05;0.13
197;23;119.8257951;7.1875;29.27083333;1272.083333;9634;no;79.97809961;12;7.35;6.116791711;8.7;5.557127546;0.113012087;5.6;0;6.202004287;0.09727645;2.158613791;64.70418006;71;45;206.7756342;271;111;0.8;5.070967742;5.977419355;87.33;80;0;0.26;0.05;0.12
198;23;119.8562126;12.91666667;78.64583333;1089.375;5098;no;79.95603236;10;8.561111111;5.901769912;12;5.854941552;0.105833678;5.9;0.003825717;6.298884166;0.09375312;2.13465108;63.06482465;71;42;199.3928445;252;100;0.61;6.066666667;5.99;87.67;80;0;0.24;0.05;0.11
199;23;119.921006;5.833333333;44.58333333;1375.9375;11668;no;80;22;5.461111111;5.200502332;8.4;5.455651238;0.096266435;5.4;0;6.359138859;0.093823491;2.185547183;64.5941873;69;42;191.0078938;222;101;0.57;5.963888889;6.088611111;86.33;83;0;0.22;0.05;0.1
200;23;119.9506704;4.166666667;42.08333333;2130.520833;20408;no;79.97777778;36;4.096774194;3.565380454;6.2;6.659358096;0.087554678;6.7;0.089469888;6.294111071;0.081427855;2.04;60.90155067;65;57;206.5874504;225;184;0.63;5.863934426;6.338852459;88.42;79;0;0.25;0.05;0.09
201;23;119.9559083;2.5;31.5625;835.1041667;7476;no;79.97778561;11;5.488461538;4.077224199;9.7;6.05594306;0.096403372;6;0.000177936;6.326501779;0.096058145;2.109779359;63.30640569;67;47;195.0434164;218;137;0.59;6.504;6.2344;90.83;83;0;0.27;0.05;0.1
202;23;119.943529;3.020833333;35.9375;721.4583333;5714;no;79.97808413;9;5.578947368;4.050142349;7;5.758469751;0.082854511;5.8;0;6.354637011;0.082958983;2.144540925;66.2366548;71;52;194.5711744;217;106;0.25;6.072222222;6.23;86.67;81;0;0.22;0.05;0.1
203;23;119.9935893;1.25;23.95833333;371.1458333;3156;no;80;6;5.446153846;4.505378627;8.4;5.860191083;0.096691274;5.9;0;6.259946921;0.092192742;2.122905166;67.92427459;71;50;196.6599434;213;113;0.45;6.107692308;6.103846154;87.25;74;0;0.29;0.05;0.14
204;23;119.9930546;1.354166667;25;227.2916667;2063;no;79.97768332;9;8.03;4.256914326;8.9;5.956807679;0.089970228;6;0;6.306487736;0.083480688;2.130415926;67.60398151;73;60;200.5040882;214;185;0.66;6.088888889;6.056666667;84.33;74;0;0.3;0.05;0.15
205;23;119.9712822;1.5625;40.10416667;254.0625;2257;no;79.97810734;9;6.68;4.220729979;8;5.8602764;0.080050021;5.9;0;6.295485471;0.080558765;2.13;65.03897945;71;61;198.2413182;223;182;0.66;5.922222222;5.91;83.67;78;0;0.27;0.05;0.13
206;23;119.9869304;2.5;30.83333333;918.2291667;8564;no;79.97810734;11;7.471428571;4.535342368;7.2;5.857988588;0.098383393;5.9;0;6.265866619;0.097196511;2.133338088;67.87446505;74;42;200.5977175;224;126;0.75;4.962962963;5.970740741;85.33;77;0;0.26;0.05;0.12
207;23;119.9388044;1.770833333;24.58333333;496.1458333;4161;no;79.97772277;11;6.125;3.391429587;7.1;5.952382646;0.102501679;5.9;0;6.309975107;0.09534729;2.125039118;68.12980085;72;18;202.64367;218;117;0.66;6.833333333;5.928;83.67;76;0;0.32;0.05;0.16
208;14;99.92502041;81.875;983.9583333;8251.041667;3444;yes;89.77457824;17;11.99375;4.800314429;11.3;6.13707616;0.436404786;5.9;4.103834257;3.593259994;0.091955874;0.849694777;42.77531369;55;0;113.8818792;178;0;0.31;3.866666667;3.622666667;96.5;94;0.02;0.17;0.12;0.05
209;14;99.98627269;12.5;168.3333333;2321.458333;7745;no;89.9748971;16;7.135294118;5.379779262;6.8;7.951769217;0.06390072;7.9;4.427598629;3.524393702;0.086352974;0.776622509;44.42635524;51;34;111.0443902;165;78;0.33;7.421875;3.5528125;100.33;98;0.02;0.19;0.14;0.05
210;25;99.85263775;5.833333333;96.66666667;973.75;2308;no;50;9;4.292307692;4.261309524;7.5;3.867619048;0.047074588;3.9;0.009285714;5.308166667;0.077327043;1.787988095;645.4035714;774;166;188.3964286;221;126;0.39;4.230769231;5.446153846;96.33;86;0.02;0.26;0.05;0.13
211;25;99.8245977;10.41666667;361.25;1100.416667;2339;no;50;7;4.909090909;4.468335274;7.7;3.665308498;0.048113517;3.7;0;5.246658906;0.084667945;1.773457509;627.2107101;761;226;179.0116414;221;122;0.15;3.863636364;5.240909091;90.67;83;0.03;0.26;0.05;0.13
212;25;99.91446759;2.916666667;135.8333333;540;1291;no;49.96300578;5;9.011111111;4.414369159;7.6;3.560397196;0.049174055;3.6;0;5.255327103;0.078122025;1.79;582.182243;741;518;167.0852804;186;151;0.08;3.5375;5.2175;92.83;84;0.04;0.27;0.05;0.14
213;25;99.91609195;4.583333333;141.25;629.5833333;1483;no;30.03099885;8;11.15555556;4.766357309;8.4;3.556844548;0.052516434;3.6;0;5.347819026;0.074046002;1.79;562.9756381;733;501;167.2308585;179;148;0.24;3.6;5.2425;91.5;86;0.04;0.31;0.05;0.13
214;25;99.98937644;5.416666667;111.6666667;1363.75;3243;no;30;9;7.106666667;5.041010576;8.2;3.15346651;0.050378261;3.2;0;5.348554642;0.093683586;1.855769683;537.3349001;701;475;155.2878966;168;144;0.15;3.053333333;5.258666667;92;87;0.02;0.26;0.05;0.13
215;25;99.95051546;3.333333333;75.41666667;631.6666667;1496;no;30;4;4.190909091;5.011587486;8.2;3.156662804;0.050510031;3.2;0;5.314171495;0.081717232;1.85;568.0115875;818;463;154.433372;164;144;0.19;3.3;5.235;95.5;93;0.02;0.26;0.05;0.13
216;25;99.94890427;8.75;116.25;1867.083333;4462;no;30;15;5.575;5.229043684;8.4;3.056670602;0.050056836;3.1;0;5.334132231;0.082150018;1.87;731.6458087;887;551;158.2857143;167;148;0.27;3.19;5.249;94.5;88;0.03;0.28;0.05;0.15
217;25;99.99492503;11.25;132.5;808.75;1912;no;30;7;13.54545455;5.280023364;9.2;3.157593458;0.049919731;3.2;0;5.344310748;0.076778662;1.869626168;746.0852804;952;538;161.4929907;171;150;0.11;3.227272727;5.340909091;95.67;93;0.02;0.26;0.05;0.13
218;22;119.9652734;1.875;61.97916667;857.5;6188;no;79.99564612;13;9.42173913;5.319618814;12.3;7.302220668;1.179168152;6.9;0.011120825;4.997611471;0.026544533;1.638503235;45.17730372;87;14;117.6077986;130;108;0.85;8.352173913;4.735652174;85.33;81;0;0.37;0.05;0.13
219;22;119.9880576;0.416666667;24.63541667;237.0833333;1780;no;80;5;6.55;5.266000348;9.1;6.955066922;0.054579565;7;0;4.998230488;0.019269457;1.679247349;40.28246132;93;25;124.8486007;130;121;0.04;6.7375;5.105;89.5;82;0;0.34;0.06;0.14
220;22;119.897845;5.104166667;37.34375;1133.229167;12574;no;79.9694179;27;5.95;5.086964129;14.7;6.379394258;1.769782981;5.8;0.517577031;5.007981443;0.034584929;1.731041667;38.89828431;60;13;123.5784314;129;116;0.35;9.247619048;5.028333333;88.17;85;0;0.26;0.05;0.12
221;22;119.9701108;1.40625;32.60416667;713.6979167;7663;no;40.00692281;11;4.796;4.291256736;7.1;5.064992178;0.596613272;5;0.359516774;5.056420998;0.027052749;1.823848427;33.49643664;49;15;123.0830871;128;116;0.33;7.076;4.9372;87.5;83;0;0.24;0.05;0.11
222;22;119.9114748;1.614583333;47.08333333;461.0416667;1443;yes;39.99164491;10;9.377777778;4.158228731;13.4;5.370770841;0.136514378;5.4;0.414963376;5.060081967;0.045979583;1.77523195;32.40129055;47;19;121.7078828;133;102;0.24;5.355555556;5.195555556;86.33;82;0;0.24;0.05;0.12
223;7;119.9677219;2.75;55.66666667;1351.25;12868;no;70;10;5.57804878;4.893909065;6.8;7.415384615;0.49405282;7.3;0;4.689316557;0.03454703;0.981275379;759.4555333;2305;476;135.0488991;427;116;0.3;9.009756098;4.54804878;89.67;89;0.08;0.08;0.05;0.08
224;17;159.8995843;10.9375;73.64583333;1605.416667;13050;no;79.97090069;20;22.38484848;5.163602251;8.9;5.953658537;0.123573918;6;0;6.860816135;0.074585606;1.828555347;240.9272983;266;17;480.7420263;540;189;1.07;4.712121212;6.307575758;91.5;84;0.02;0.28;0.08;0.05
225;17;159.9747832;4.6875;48.4375;409.375;3740;no;79.95133333;8;10.975;5.565524194;7.6;7.157930108;0.145468251;7.2;0.007526882;6.949240591;0.0439542;1.823091398;236.3837366;271;216;483.0477151;549;365;0.12;6.772727273;6.853636364;91.17;82;0.02;0.13;0.07;0.05
226;17;159.9761714;1.145833333;13.125;418.125;3989;no;79.94916388;9;7.163636364;4.811725067;6.1;7.362668464;0.131877446;7.4;0.124191375;6.843645553;0.037876699;1.809595687;238.9238544;247;204;471.1091644;527;176;0.4;8.04;6.612;88.17;83;0.02;0.12;0.07;0.05
227;17;160;1.458333333;54.27083333;1226.25;11734;no;79.88070893;14;5.516129032;5.249094708;7.1;6.761350975;0.12858105;6.8;0.094637883;6.835111421;0.055381365;1.874178273;231.6497214;243;187;452.1594708;510;367;0.36;7.682142857;6.742142857;87;83;0.03;0.08;0.05;0.05
228;17;160;0.625;25.10416667;339.4791667;3250;no;79.9566343;8;7.96;5.638436482;7.4;7.053550489;0.132073401;7.1;0.199478827;6.971993485;0.05740192;1.86267101;213.971987;234;194;431.7218241;490;351;0.32;7.388888889;6.721111111;92.83;88;0.05;0.05;0.05;0.05
229;17;160;1.041666667;26.14583333;1227.1875;11746;no;79.95724138;9;5.957142857;5.672362869;7.7;6.656540084;0.127041187;6.7;0.225527426;6.913255977;0.069807339;1.925956399;223.164557;240;192;405.9683544;481;344;0.41;6.574074074;6.691851852;90.67;89;0.03;0.05;0.05;0.05
231;9;99.99378664;5.416666667;147.9166667;2599.166667;6042;no;19.99416569;13;8.633333333;5.107710843;6.3;5.860072376;0.085185189;5.9;0;3.925199035;0.048582468;1.070168878;3.904704463;11;2;128.9541616;144;120;0.11;6.095833333;3.859583333;90.33;84;0.02;0.23;0.05;0.11
232;22;119.9208793;9.166666667;71.19791667;798.2291667;6445;no;79.95659783;18;7.234782609;4.686136004;8;4.043698365;0.558481558;4;0.057250835;5.498896115;0.061251694;1.702791352;91.65916681;1968;0;20.94603621;652;0;1.16;5.595;5.0275;90.17;85;0;0.25;0.05;0.12
233;22;119.8202813;10.72916667;57.34375;913.5416667;7325;no;79.58401107;16;9.2;5.559391833;10.7;3.151734961;0.101694946;3.2;0.053199651;5.431414124;0.064490209;1.789180471;794.5853531;2369;0;53.59459459;129;0;0.18;3.1125;5.37;90.83;83;0;0.24;0.05;0.12
234;22;119.8542887;7.760416667;90.78125;1835.520833;17034;yes;79.97821541;15;6.281818182;5.529104346;14.1;3.733597325;0.652849936;3.7;0.118637804;5.465029919;0.0535204;1.702465681;949.8847237;2369;0;104.3621964;371;0;0.1;3.053703704;5.397962963;92.33;86;0;0.24;0.05;0.12
235;22;119.8357564;8.4375;43.69791667;660.3125;3180;no;69.5085863;9;6.542857143;5.359798296;9;3.659085376;0.088271113;3.7;0.202260476;5.406179795;0.057733375;1.726136324;1665.160146;2369;0;70.68927143;309;0;0.14;3.861538462;5.386923077;89.33;83;0;0.24;0.05;0.12
236;22;119.9025174;6.614583333;59.11458333;710.6770833;5095;no;100.7214025;9;7.983333333;5.151384294;8.7;3.733402995;0.45534877;3.4;0.174973877;5.400707071;0.063613711;1.716483804;1729.052072;2369;0;71.5780216;128;0;0.12;3.594444444;5.343888889;96.5;91;0;0.26;0.05;0.13
237;22;119.97879;2.03125;41.71875;429.375;6754;no;99.88633994;11;8.88;4.950864025;8.2;3.954651772;0.087303781;4;0.186524699;5.4237668;0.049219666;1.703187293;1640.237563;2369;0;74.75685111;128;0;0.15;4.265217391;5.344782609;92.5;86;0;0.26;0.05;0.13
238;22;119.9282741;3.802083333;20.52083333;607.2916667;8458;no;99.95354481;11;6.117857143;4.685455496;8.1;4.353564581;0.094505249;4.4;0.233153216;5.3810441;0.05042678;1.648900122;1627.275057;2369;0;76.04357678;130;0;0.19;4.078571429;5.302142857;91.17;87;0;0.27;0.05;0.14
239;22;119.9765898;0.885416667;41.66666667;134.21875;2070;no;99.97141867;6;9.26;4.379646018;8;4.560517182;0.072171731;4.6;0.259232905;5.354387365;0.044074481;1.633597709;1663.259285;2369;0;73.33877126;129;0;0.16;4.577777778;5.292222222;92.5;86;0;0.26;0.05;0.13
240;22;119.9699409;2.447916667;26.82291667;240.7291667;3542;no;99.98574657;11;11.31538462;4.476881533;7.1;4.661027875;0.079500023;4.7;0.167421603;5.34566899;0.048551651;1.634076655;1042.794425;2369;0;59.41672474;130;0;0.2;4.475;5.275;94.33;85;0;0.26;0.05;0.13
241;22;119.9452588;1.822916667;51.83333333;686.3541667;8788;yes;99.97135417;16;5.406666667;4.288848168;8.4;5.140321173;0.360479054;5.3;0.180363065;5.392311049;0.0758329;1.563606214;936.2960377;2369;0;59.61127596;258;0;0.29;4.472413793;5.321034483;93;89;0;0.25;0.05;0.12
230;24;79.9380218;4.181818182;71.09090909;1362.454545;3112;no;44.98828125;15;15.76666667;4.345805785;12.1;9.528553719;0.149057711;9.5;4.305020661;8.390382231;0.053035942;2.819049587;48.43285124;57;32;254.8613636;296;162;0.21;9.8;8.303043478;85.42;76;0.08;0.21;0.05;0.09
244;15;79.98731283;1.545454545;27.27272727;478.4545455;5119;no;20.00767918;3;4.263157895;4.215311867;5.5;10.55115948;0.117626053;10.5;4.812571196;8.092878356;0.05338467;2.62;15.13873068;21;12;37.60618389;48;29;0.5;11.22692308;7.947692308;90;84;0.12;0.05;0.05;0.05
242;15;79.96443007;2.909090909;66.72727273;715;2006;no;19.99888039;1;3.245987654;4.159165839;7.4;10.99523616;0.53568105;11.3;4.925157105;8.097871478;0.058855071;2.563231299;15.36042976;21;9;40.74478005;51;0;0.29;12.24;8.036666667;90.17;88;0.13;0.05;0.05;0.05
245;15;79.97900061;2.454545455;222.3636364;368.5454545;2646;no;55.17142445;1;4.180952381;4.658702719;5.8;10.50824031;0.65849418;10.9;4.775948853;8.028226101;0.043541218;2.628023138;16.84067384;23;7;31.58392531;43;27;0.49;10.9;7.673125;86.67;83;0.08;0.05;0.05;0.05
243;15;79.99777193;2.545454545;65.27272727;844.6363636;2836;no;20.00866051;1;3.489353612;4.20283803;12.6;10.09075203;0.455690504;10.3;4.768272358;8.090410569;0.083525892;2.65946748;16.79573171;24;11;32.20630081;46;28;0.39;12.01176471;8.035294118;84.75;75;0.11;0.05;0.05;0.05
246;10;119.9568039;2.916666667;50.52083333;689.7916667;6490;no;50;15;8.013636364;3.759901512;6.2;8.952918425;0.115377277;9;0.104078762;4.92802391;0.032810086;1.016793249;0;0;0;260.2647679;336;196;0.3;8.081818182;4.745;88;85;0;0.28;0.05;0.1
255;21;99.93809524;5;125.4166667;1050;2509;no;49.9235226;11;8.006666667;3.764858491;6.7;4.547051887;0.054465631;4.5;0;5.285601415;0.126720012;1.929091981;63.44693396;74;55;168.4658019;182;157;0.29;4.469230769;5.241538462;92.5;88;0.02;0.05;0.05;0.05
256;21;99.92649472;5;119.1666667;993.75;2383;no;49.96135831;12;3.115384615;4.013674197;5.9;4.859096314;0.053373272;4.9;0.076694411;5.313424495;0.128934911;1.912342449;65.62663496;77;55;180.2306778;198;168;0.22;5.083333333;5.2975;94.67;92;0.02;0.05;0.05;0.05
257;21;99.98983452;2.5;68.33333333;846.6666667;2018;no;49.88574794;7;8.430769231;4.341148325;6.1;5.053110048;0.052959298;5.1;0.001315789;5.350406699;0.123573837;1.88;66.01913876;78;56;181.7464115;200;165;0.32;5.39;5.2;89.67;84;0.02;0.05;0.05;0.05
247;21;99.82759036;10;198.3333333;1680.833333;3957;no;49.96028881;14;4.958823529;4.19041769;5.4;4.76019656;0.054223452;4.8;0.033046683;5.387800983;0.111609955;1.924791155;68.66830467;85;58;176.0565111;192;159;0.41;5.8875;5.475;93.17;89;0.02;0.05;0.05;0.05
248;21;100;5.416666667;174.1666667;1092.083333;2567;no;49.96085409;8;7.65;4.182430806;5.8;4.663493976;0.051560304;4.7;0.000722892;5.312819277;0.108097948;1.92;65.41204819;81;55;170.0277108;183;158;0.21;4.863636364;5.253636364;92.83;89;0.02;0.05;0.05;0.05
249;21;99.96319527;3.75;199.1666667;596.6666667;1408;no;49.96099291;5;9.78;4.061722488;5.8;4.660047847;0.052774496;4.7;0;5.317177033;0.124257497;1.92;66.60645933;75;50;168.8002392;184;117;0.16;4.677777778;5.258888889;94;90;0.02;0.05;0.05;0.05
250;21;100;2.916666667;83.33333333;1124.166667;2688;no;49.96085409;7;6.507142857;4.109047045;5.7;4.558745476;0.053940109;4.6;0;5.342412545;0.125831413;1.930542823;66.07840772;75;57;173.212304;191;160;0.24;4.6;5.263846154;91;90;0.02;0.05;0.05;0.05
251;21;99.8843044;10.41666667;189.1666667;1889.583333;4530;no;49.96199525;11;14.44761905;4.560414129;6;4.448599269;0.054447213;4.4;0;5.329829476;0.098399237;1.95;65.69792935;73;57;169.2971985;183;151;0.55;4.1;5.197;92;86;0.02;0.05;0.05;0.05
252;21;99.90165094;3.333333333;130.8333333;1319.583333;3090;no;49.96113074;5;6.88125;4.068307323;6.4;4.343697479;0.055787756;4.3;0;5.292088836;0.115197184;1.95;64.73829532;76;56;166.6662665;181;155;0.37;5.053333333;5.270666667;92.67;90;0.02;0.05;0.05;0.05
253;21;99.95682353;6.25;155.8333333;3520.833333;8441;no;50;12;4.184375;4.173716381;6.4;4.562469438;0.05210163;4.6;0;5.316393643;0.109526975;1.92;64.1797066;72;55;169.0220049;185;158;0.35;4.38125;5.1634375;89;85;0.02;0.05;0.05;0.05
254;21;99.9125149;4.583333333;97.91666667;1370.833333;3283;no;50;8;4.313333333;3.908131068;6.9;4.656067961;0.056094654;4.7;0;5.337851942;0.118071266;1.933009709;64.88106796;78;55;171.8798544;190;161;0.24;5.24;5.244666667;93.83;91;0.02;0.05;0.05;0.05
260;11;100;2.708333333;101.4583333;913.9583333;4310;no;59.94964029;11;14.20454545;4.330680437;7.7;4.456925881;0.054778054;4.5;0;3.49445322;0.09142259;0.77;54.4799514;57;51;326.5218712;429;277;0.37;3.978947368;3.542105263;95.33;91;0.02;0.22;0.05;0.1
261;11;100;4.375;73.75;1156.25;5370;no;49.98023952;12;6.209090909;4.560376214;8.7;4.861893204;0.051961485;4.9;0.099575243;3.468015777;0.064250438;0.738252427;54.10800971;56;51;349.2803398;428;292;0.13;4.804761905;3.412857143;93;88;0.03;0.22;0.05;0.1
258;12;119.9829425;0.9375;19.6875;475.3645833;9093;no;29.99739493;17;14.18965517;3.556414732;5.1;8.359451911;0.076874479;8.4;0;3.697664514;0.033503396;0.994484203;57.15081166;62;43;23.97713388;29;0;0.35;6.614285714;3.682857143;89.17;85;0;0.22;0.05;0.09
259;12;119.9692935;0.78125;16.51041667;495.4166667;9477;no;30;10;4.533333333;3.698795391;5.3;9.059497207;0.074332313;9.1;0;3.702273045;0.03133769;0.967524441;56.40572626;60;38;23.4265014;27;9;0.14;9.136363636;3.692121212;91;86;0;0.22;0.05;0.1
262;1;99.92287425;5;122.5;2379.583333;5491;no;19.99402628;15;5.982608696;3.789189189;5.9;4.157493857;0.054437609;4.2;0.1;5.415761671;0.036279592;2;65.60687961;74;48;28.03685504;36;21;1.68;5.171428571;4.952857143;92.83;90;0.03;0.07;0.05;0.07
263;1;100.0053364;5;87.5;1140.416667;2612;no;20.00232019;9;3.538461538;3.915547703;5.2;4.256890459;0.059302061;4.3;0.049823322;5.39237927;0.030460187;2;66.85747939;74;60;32.10836278;36;29;0.31;4.692307692;5.396923077;91.5;84;0.06;0.07;0.05;0.07
264;1;99.99210221;4.583333333;75.83333333;562.9166667;1210;no;20;9;10.325;3.801875733;6.1;4.053106682;0.055074291;4.1;0.100234467;5.394431419;0.033117539;2.003540445;56.0926143;89;43;32.71512309;37;30;0.39;4.0375;5.41125;90.5;88;0.06;0.23;0.16;0.05
265;1;99.92748005;4.166666667;110.8333333;999.1666667;2193;no;20.00570125;7;2.990909091;3.82886836;5.7;4.054618938;0.054044771;4.1;0.096420323;5.377702079;0.046310427;2.016558891;47.84872979;55;11;30.50230947;37;15;0.36;4.218181818;5.296363636;91.67;88;0.03;0.06;0.05;0.06
266;1;100;3.75;88.75;1633.75;3611;no;19.99769053;9;4.866666667;3.893160377;6;4.154363208;0.059353623;4.2;0.001650943;5.389669811;0.056001218;2.023620283;48.52358491;59;41;28.81014151;36;16;0.24;3.93125;5.291875;92.33;87;0.04;0.06;0.05;0.06
267;1;99.99223529;5.833333333;106.6666667;1461.666667;3298;no;20;13;3.769230769;3.899880526;5.1;4.054121864;0.05531856;4.1;0;5.430573477;0.027753286;2.06;55.27001195;82;38;22.02986858;34;0;0.13;4.2;5.439230769;91.83;87;0.03;0.08;0.05;0.08
268;1;99.95764294;4.583333333;119.1666667;1291.25;3003;no;19.9965035;9;7.8;3.860095012;5.6;3.556057007;0.053131534;3.6;0;5.453942993;0.027389585;2.121009501;57.72446556;87;42;21.33491686;33;0;0.28;3.786666667;5.36;94.83;91;0.03;0.07;0.05;0.07
269;1;100;2.916666667;122.9166667;1778.333333;4105;no;20;6;4.264705882;3.918343195;5.4;3.660118343;0.052721977;3.7;0;5.469183432;0.026186005;2.108260355;60.41301775;82;42;19.94201183;30;0;0.21;3.658823529;5.432941176;97.33;96;0.04;0.07;0.05;0.07
270;1;100;2.916666667;80;846.25;1931;no;20;7;7.59;3.908920188;5.9;3.863380282;0.052409228;3.9;0;5.498802817;0.030359748;2.084448357;56.11619718;80;33;17.26760563;29;0;0.33;3.95;5.454;95.83;93;0.04;0.07;0.05;0.07
271;1;99.96049238;3.75;143.75;867.5;1948;no;19.99882904;7;6.416666667;3.839904988;4.8;3.764489311;0.050775559;3.8;0;5.393586698;0.023427175;2.072173397;58.94655582;80;31;14.45011876;26;0;0.14;3.727272727;5.417272727;92.5;89;0.04;0.09;0.05;0.09
272;1;100;4.583333333;113.75;1359.583333;2905;no;20;8;5.235714286;3.88931475;5.5;3.457839721;0.05171008;3.5;0;5.40029036;0.0415125;2.12873403;45.51219512;83;33;18.59581882;27;0;0.1;3.692307692;5.410769231;91.17;89;0.03;0.07;0.05;0.07
273;1;100;2.083333333;75.83333333;637.5;1284;no;20;5;13.5625;3.894549763;5.4;3.751184834;0.053454953;3.8;0;5.45056872;0.030012394;2.103163507;50.48578199;70;41;18.8436019;28;0;0.17;3.7875;5.49375;93.83;86;0.03;0.07;0.05;0.07
274;1;99.91819235;4.166666667;69.16666667;804.5833333;1705;no;19.99652778;8;8.05;3.876814988;5.2;3.359133489;0.049897419;3.4;0;5.382377049;0.049052865;2.148758782;43.38875878;68;31;15.2529274;23;0;0.19;3.622222222;5.345555556;95.83;89;0.03;0.07;0.05;0.07
275;1;99.9358885;20.41666667;76.25;1297.083333;2839;no;19.99767981;7;18.82352941;3.906153846;5.5;3.359408284;0.050327178;3.4;0;5.41487574;0.043139693;2.150390533;43.46272189;62;35;12.56686391;26;0;0.17;3.15625;5.315;96.67;88;0.03;0.07;0.05;0.07
276;1;99.91764706;4.166666667;90.41666667;625.4166667;1362;no;19.99539171;7;11.53;3.952680653;5.5;3.558041958;0.05168695;3.6;0;5.420955711;0.044831024;2.118111888;43.70979021;67;31;14.83799534;29;0;0.24;3.555555556;5.431111111;93.5;87;0.03;0.08;0.05;0.08
277;2;119.8233499;7.96875;78.85416667;2215.052083;19692;yes;59.84946809;30;8.35;5.428415203;9.1;4.936017937;0.460676013;4.8;0.045865471;5.255422422;0.151869571;1.741867265;36.96878924;92;15;179.4498655;311;108;1.55;7.567213115;5.106557377;90.67;85;0.06;0.05;0.06;0.05
278;2;119.8547926;6.09375;42.13541667;632.5520833;5994;no;60.02788071;12;7.795238095;5.795465817;10.9;5.051550044;0.081793045;5;0.000141718;5.359188663;0.079982816;1.723973428;38.44588131;62;15;181.719752;285;95;0.28;6.08;5.405;87;80;0.07;0.05;0.07;0.05
279;4;99.94147533;6.861063465;152.4871355;2097.598628;11500;no;49.69073171;26;9.2;3.886547085;5.3;10.55912263;0.121643065;10.6;0.395912263;8.320917248;0.086472899;2.478120638;14.38185444;36;10;290.5413759;362;182;2.01;13.02195122;8.333170732;90;80;0.14;0.05;0.05;0.05
280;4;99.93186441;9.090909091;141.3379074;3337.392796;17841;no;49.95261122;17;6.853731343;4.289505247;6.3;9.658229115;0.1250468;9.7;0.332366183;8.389074537;0.083931749;2.599394697;16.44772386;37;9;272.2026013;318;143;1.13;9.865151515;8.264848485;87;81;0.09;0.05;0.05;0.05
281;4;99.89854086;6.861063465;88.67924528;1195.368782;4669;no;49.96890185;11;6.752380952;4.38856161;6.3;9.658251473;0.127557619;9.7;0.366404715;8.488786837;0.097110853;2.61030943;19.18369352;38;3;273.4219057;338;148;0.64;10.755;8.357;89.67;88;0.14;0.05;0.05;0.05
282;4;99.94269826;6.003430532;42.53859348;1238.936535;4487;no;49.98453359;14;8.057894737;4.724682927;6.9;8.951463415;0.108453366;9;0.386146341;8.543112195;0.096980132;2.685160976;23.21219512;42;5;259.6531707;290;175;0.81;8.661111111;8.147777778;89.5;85;0.15;0.05;0.05;0.05
283;4;99.95253746;5.145797599;52.48713551;1744.939966;8724;no;49.98405797;17;7.732352941;4.531139489;7.3;9.358742633;0.09961691;9.4;0.387524558;8.554076621;0.082486434;2.647431238;27.56188605;43;16;262.4896857;312;237;0.72;10.38484848;8.373636364;85.5;81;0.11;0.06;0.05;0.06
284;1;99.99084507;4.166666667;139.1666667;723.75;1633;no;20;8;9.6;3.969395018;5.7;3.558007117;0.050336775;3.6;0;5.397200474;0.025225659;2.103131673;45.33926453;72;32;16.57888493;21;0;0.34;3.677777778;5.397777778;90.33;88;0.03;0.06;0.05;0.06
285;1;100;7.083333333;175.4166667;860;1597;no;20;6;16.44444444;3.962910798;5.2;3.357159624;0.05045418;3.4;0;5.434471831;0.047366143;2.150093897;44.69600939;64;13;9.900234742;22;0;0.13;3.311111111;5.376666667;89.83;84;0.02;0.06;0.05;0.06
286;1;99.9387022;4.166666667;87.5;653.3333333;1334;no;20;4;5.48;3.954982415;5.6;3.955685815;0.055927139;4;0;5.457573271;0.036733986;2.063868699;51.17936694;71;40;10.2028136;26;0;0.24;3.92;5.469;90.17;84;0.04;0.06;0.05;0.06
287;1;99.9735363;4.166666667;75.41666667;1100.416667;2356;no;20;8;3.783333333;3.958669834;5.5;3.761045131;0.054546888;3.8;0;5.456912114;0.036447012;2.088800475;44.72565321;78;27;15.56413302;27;0;0.18;4.041666667;5.404166667;86.83;83;0.04;0.06;0.05;0.06
288;1;99.78238702;6.666666667;89.16666667;1884.166667;4286;no;19.9976825;13;3.721052632;3.894075829;5;3.763151659;0.051823413;3.8;0;5.414893365;0.028155862;2.09;47.47748815;66;36;18.5971564;23;16;0.18;3.752631579;5.366842105;92;88;0.02;0.06;0.05;0.06
289;1;99.93995381;3.333333333;82.91666667;723.75;1737;no;20;7;8.4625;3.921445221;5.1;3.662937063;0.052492135;3.7;0;5.426899767;0.056730785;2.100081585;58.79137529;76;38;19.30536131;27;17;0.31;3.925;5.36625;90.17;84;0.02;0.05;0.05;0.05
290;1;100;2.916666667;115.4166667;472.0833333;1018;no;19.99649533;9;4.357142857;3.850294464;5;3.662426384;0.051981964;3.7;0;5.45138987;0.03608755;2.118857479;46.69375736;72;27;20.22497055;24;18;0.39;3.616666667;5.425;91.33;86;0.05;0.05;0.05;0.05
291;1;100;2.916666667;139.1666667;2179.583333;5056;no;19.99656751;8;4.781818182;3.949413146;6.2;3.864084507;0.055708089;3.9;0;5.399037559;0.058164348;2.059495305;46.37089202;68;30;20.64671362;24;18;0.19;3.428571429;5.309047619;91.83;88;0.02;0.05;0.05;0.05
292;1;100;2.083333333;78.33333333;740;1673;no;19.99417249;6;12.77272727;3.843565525;5.4;3.95974026;0.050729231;4;0;5.394557261;0.043673095;2.054604486;46.27390791;67;36;20.95395514;27;19;0.11;3.955555556;5.39;92.5;88;0.02;0.05;0.05;0.05
293;1;99.93885714;4.583333333;178.75;1724.166667;4049;no;20;8;5.444444444;3.727071179;6.4;4.453208868;0.051310804;4.5;0.1;5.394982497;0.045508867;1.950525088;35.58926488;49;24;29.76896149;36;22;0.09;4.027777778;5.387777778;92.33;86;0.02;0.05;0.05;0.05
294;1;99.99547038;3.333333333;102.9166667;1233.75;2871;no;19.99651972;8;5.886666667;3.765997639;5.7;4.457497048;0.050410768;4.5;0.096694215;5.407768595;0.03097476;1.99;34.97402597;57;25;27.42739079;34;24;0.11;4.614285714;5.438571429;94.17;90;0.04;0.05;0.05;0.05
295;1;100;2.083333333;84.58333333;629.5833333;1448;no;19.99649942;5;10.93333333;3.822523585;5.9;4.258136792;0.055232215;4.3;0.030896226;5.42192217;0.029732512;2.03;35.74292453;49;25;26.94693396;35;20;0.08;4.425;5.4525;94;88;0.04;0.05;0.05;0.05
296;1;99.90813008;3.75;96.66666667;1418.333333;3185;no;20;9;7.506666667;3.788888889;4.9;4.157919622;0.052419999;4.2;0;5.370047281;0.030541428;2.03;35.04964539;55;25;22.35579196;32;16;0.14;4.34;5.372;94.67;90;0.03;0.06;0.05;0.06
297;1;99.99074074;3.75;67.91666667;1331.25;3033;no;20;7;3.88;3.790823529;6;3.958941176;0.052913324;4;0;5.381588235;0.050906458;2.070141176;32.97294118;44;25;24.44941176;31;17;0.07;4.071428571;5.303571429;96.17;95;0.04;0.1;0.05;0.1
298;1;99.94971098;4.166666667;97.08333333;2267.083333;5201;no;19.9965358;9;3.556521739;3.816963227;5.1;4.155871886;0.053593373;4.2;0;5.370237248;0.031018969;2.035112693;42.13879004;61;30;24.07236062;32;20;0.18;4.018181818;5.264545455;93.17;88;0.03;0.05;0.05;0.05
299;14;80.2855912;23.54166667;232.9166667;5201.25;15142;no;30.55699938;39;6.093548387;4.74027307;7.1;6.70259238;0.25227816;6.7;3.216786021;3.763326172;0.077839275;0.807450587;42.54516375;52;32;101.9608517;148;61;0.23;4.209677419;3.680967742;101;96;0.02;0.06;0.05;0.06
300;14;89.99074598;9.583333333;208.9583333;2212.916667;5160;yes;29.99599637;13;9.665384615;4.901550222;13.9;6.077983319;0.075649191;6.1;3.140622327;3.76918627;0.085317394;0.842656116;47.31089607;64;42;113.5353935;150;67;0.27;6.504347826;3.72;97.17;92;0.02;0.05;0.05;0.05
301;21;99.88818898;5;120;1519.583333;3620;no;49.96516854;10;11.78888889;4.038761468;6.8;5.153325688;0.056600555;5.2;0;5.236708716;0.071982378;1.93;36.6766055;54;27;26.68348624;34;22;0.47;6.647058824;5.415294118;89;84;0.02;0.05;0.05;0.05
302;21;99.99474299;5;82.91666667;945;2246;no;49.96149358;11;8.841666667;4.017869822;7.3;5.257633136;0.059850389;5.3;0;5.254982249;0.08350671;1.93;40.11597633;53;30;25.05798817;31;23;0.1;5.2;5.250909091;95.5;91;0.02;0.05;0.05;0.05
303;21;99.99597156;2.916666667;67.08333333;822.0833333;1961;no;50;6;6.94;4.001079137;5;5.359592326;0.053768672;5.4;0;5.241594724;0.050827239;1.93;39.68105516;53;30;25.47601918;30;23;0.18;5.48;5.231;91.67;84;0.02;0.05;0.05;0.05
304;21;100;2.083333333;72.5;520.8333333;1246;no;49.96167247;5;7.1;4.004103165;5.8;5.15052755;0.056004093;5.2;0;5.191418523;0.052186731;1.93;40.02813599;50;32;25.76084408;32;22;0.16;5.071428571;5.207142857;95;88;0.02;0.05;0.05;0.05
305;21;99.93538283;3.333333333;84.16666667;1003.333333;2400;no;49.96292005;7;4.7;3.997294118;5.9;4.954235294;0.057323015;5;0;5.235764706;0.070371327;1.97;42.65647059;60;33;24.63411765;28;22;0.13;5.025;5.245;97.67;94;0.02;0.05;0.05;0.05
306;1;99.94074074;2.5;89.58333333;966.6666667;2056;no;20;4;8.041666667;3.811737089;5.2;4.154342723;0.058916299;4.2;0;5.30741784;0.032027442;2.035187793;42.39084507;59;28;23.58802817;28;19;0.26;4.125;5.300833333;94.5;87;0.06;0.08;0.05;0.08
307;1;99.85224396;5.833333333;107.0833333;2212.916667;5117;no;19.99770115;10;3.973913043;3.786422668;5.8;3.956434475;0.053950684;4;0;5.277827627;0.037684186;2.05;34.79811098;56;8;24.10507674;31;21;0.24;4.090909091;5.207727273;94.33;91;0.03;0.08;0.05;0.08
308;1;100;3.75;88.33333333;1428.333333;3320;no;20;9;5.948;3.796478873;6.1;3.955516432;0.052483255;4;0;5.236103286;0.029893326;2.03915493;32.2241784;53;26;23.11150235;27;20;0.14;3.76;5.24;91.67;86;0.08;0.08;0.05;0.08
309;1;99.84381503;5;119.1666667;1243.75;2802;no;19.99422633;7;3.69375;3.817764706;4.8;3.666235294;0.049269731;3.7;0;5.274541176;0.028887317;2.088011765;32.39764706;48;17;23.05882353;28;14;0.06;3.76;5.271333333;92.17;88;0.05;0.05;0.05;0.05
310;1;99.98053302;4.583333333;90.83333333;957.5;2139;no;19.9976825;13;9.625;3.809165687;5.5;3.76333725;0.051974227;3.8;0;5.296686251;0.028943255;2.09;39.41363102;59;28;22.38307873;27;19;0.33;3.883333333;5.286666667;92.83;88;0.05;0.05;0.05;0.05
311;1;100;3.75;89.58333333;786.25;1704;no;20;8;7.766666667;3.80915493;4.7;3.764671362;0.052062152;3.8;0;5.295962441;0.028394377;2.09;40.08920188;47;29;22.25352113;28;7;0.36;3.833333333;5.267777778;90.67;88;0.04;0.08;0.05;0.08
312;1;99.89208382;3.333333333;87.5;727.9166667;1531;no;20;6;7.275;3.864864865;6.1;3.864512338;0.054753701;3.9;0;5.309529965;0.038360703;2.09;40.36192714;48;29;20.97767333;25;6;0.42;3.85;5.30875;94.67;90;0.05;0.09;0.05;0.09
313;1;99.93395133;5;100.4166667;887.0833333;1955;no;19.99536501;9;3.833333333;3.87587822;6.5;3.955386417;0.054678239;4;0;5.30028103;0.039337011;2.063208431;39.63348946;51;29;21.9028103;26;19;0.48;3.9;5.326666667;91.83;87;0.06;